學年度,階段,學號,宿舍,房號,是否確認
102,保留原寢,0151520,博愛二舍,101,未確認申請
102,保留原寢,0156002,博愛二舍,101,
102,保留原寢,9735804,博愛二舍,104,
102,保留原寢,9914825,博愛二舍,106,
102,保留原寢,0053821,博愛二舍,107,
102,未保留原寢,0153809,博愛二舍,107,
102,未保留原寢,0159012,博愛二舍,118,
102,保留原寢,0159019,博愛二舍,118,
102,保留原寢,0057122,博愛二舍,202,
102,保留原寢,0151012,博愛二舍,202,
102,保留原寢,0151003,博愛二舍,203,
102,保留原寢,0189204,博愛二舍,203,
102,保留原寢,0080107,博愛二舍,206,
102,保留原寢,0087202,博愛二舍,209,
102,保留原寢,0157002,博愛二舍,211,
102,未保留原寢,0157018,博愛二舍,211,
102,保留原寢,9828801,博愛二舍,214,
102,保留原寢,0152221,博愛二舍,216,
102,未保留原寢,0152301,博愛二舍,216,
102,保留原寢,9728805,博愛二舍,217,
102,保留原寢,9818814,博愛二舍,217,
102,保留原寢,0156033,博愛二舍,219,
102,未保留原寢,0156522,博愛二舍,219,
102,保留原寢,0156526,博愛二舍,223,
102,保留原寢,0159223,博愛二舍,223,
102,保留原寢,0059227,博愛二舍,301,
102,保留原寢,0157105,博愛二舍,301,
102,未保留原寢,0153008,博愛二舍,307,
102,保留原寢,0159220,博愛二舍,307,
102,保留原寢,0156530,博愛二舍,313,
102,保留原寢,0156628,博愛二舍,313,
102,保留原寢,9818810,博愛二舍,315,
102,保留原寢,9718802,博愛二舍,317,
102,未保留原寢,0152603,博愛二舍,319,
102,保留原寢,0152610,博愛二舍,319,
102,保留原寢,9929515,博愛二舍,321,
102,保留原寢,9848801,博愛二舍,321,
102,保留原寢,0152002,三宿舍,306,
102,保留原寢,0156035,三宿舍,306,
102,保留原寢,0156036,三宿舍,306,
102,保留原寢,0156037,三宿舍,306,
102,保留原寢,0086038,四宿舍,102,
102,保留原寢,9951501,四宿舍,103,
102,保留原寢,9925829,四宿舍,105,
102,保留原寢,9811543,四宿舍,105,
102,保留原寢,0187003,四宿舍,106,
102,保留原寢,0087204,四宿舍,106,
102,保留原寢,9951802,四宿舍,107,
102,保留原寢,9651807,四宿舍,108,
102,保留原寢,0187202,四宿舍,108,
102,保留原寢,0082601,四宿舍,110,
102,保留原寢,0182603,四宿舍,110,
102,保留原寢,0086054,四宿舍,111,
102,保留原寢,9811555,四宿舍,112,
102,保留原寢,0089605,四宿舍,113,
102,保留原寢,0089604,四宿舍,113,
102,保留原寢,0187101,四宿舍,114,
102,保留原寢,0080009,四宿舍,115,
102,保留原寢,9852805,四宿舍,116,
102,保留原寢,0086009,四宿舍,117,
102,保留原寢,9951806,四宿舍,117,
102,保留原寢,9912816,四宿舍,120,
102,保留原寢,9813819,四宿舍,201,
102,保留原寢,9955843,四宿舍,202,
102,保留原寢,9529512,四宿舍,203,
102,保留原寢,9951804,四宿舍,203,
102,保留原寢,9921806,四宿舍,204,
102,保留原寢,9851507,四宿舍,205,
102,保留原寢,9713548,四宿舍,206,
102,保留原寢,9851802,四宿舍,208,
102,保留原寢,9851512,四宿舍,208,
102,保留原寢,0080113,四宿舍,209,
102,保留原寢,9551805,四宿舍,210,
102,保留原寢,9751811,四宿舍,210,
102,保留原寢,9711839,四宿舍,211,
102,保留原寢,9811845,四宿舍,211,
102,保留原寢,9711808,四宿舍,212,
102,保留原寢,9851811,四宿舍,213,
102,保留原寢,9655828,四宿舍,213,
102,保留原寢,9924819,四宿舍,214,
102,保留原寢,9651502,四宿舍,214,
102,保留原寢,9824802,四宿舍,215,
102,保留原寢,9824520,四宿舍,215,
102,保留原寢,9912820,四宿舍,216,
102,保留原寢,9912802,四宿舍,216,
102,保留原寢,0080703,四宿舍,217,
102,保留原寢,9814804,四宿舍,218,
102,保留原寢,9812821,四宿舍,219,
102,保留原寢,0081007,四宿舍,220,
102,保留原寢,9851807,四宿舍,221,
102,保留原寢,9855837,四宿舍,301,
102,保留原寢,9855811,四宿舍,301,
102,保留原寢,9818812,四宿舍,303,
102,保留原寢,0081505,四宿舍,303,
102,保留原寢,9626803,四宿舍,304,
102,保留原寢,9914819,四宿舍,305,
102,保留原寢,9751813,四宿舍,306,
102,保留原寢,9724806,四宿舍,308,
102,保留原寢,9728807,四宿舍,311,
102,保留原寢,9611815,四宿舍,312,
102,保留原寢,9911810,四宿舍,312,
102,保留原寢,9955804,四宿舍,313,
102,保留原寢,9932803,四宿舍,314,
102,保留原寢,9728809,四宿舍,314,
102,保留原寢,9955816,四宿舍,315,
102,保留原寢,9955818,四宿舍,316,
102,保留原寢,0086015,四宿舍,316,
102,保留原寢,9812822,四宿舍,317,
102,保留原寢,0082703,四宿舍,318,
102,保留原寢,9655840,四宿舍,319,
102,保留原寢,9731809,四宿舍,320,
102,保留原寢,0150617,五宿舍,313,
102,保留原寢,0150621,五宿舍,313,
102,保留原寢,0160219,五宿舍,313,
102,保留原寢,0160307,五宿舍,313,
102,未保留原寢,0052209,六宿舍,120,
102,保留原寢,0152201,六宿舍,120,
102,保留原寢,0152204,六宿舍,120,
102,保留原寢,0160230,六宿舍,120,
102,保留原寢,0151059,六宿舍,208,
102,保留原寢,0156504,六宿舍,208,
102,保留原寢,0156635,六宿舍,208,
102,保留原寢,0158020,六宿舍,208,
102,保留原寢,0150706,六宿舍,224,
102,保留原寢,0160044,六宿舍,224,
102,未保留原寢,0160058,六宿舍,224,
102,保留原寢,0160061,六宿舍,224,
102,保留原寢,0052623,六宿舍,228,
102,保留原寢,0153926,六宿舍,228,
102,保留原寢,0159703,六宿舍,228,
102,保留原寢,0159705,六宿舍,228,
102,保留原寢,0156083,六宿舍,229,
102,保留原寢,0157106,六宿舍,229,
102,未保留原寢,0157114,六宿舍,229,
102,未保留原寢,0157115,六宿舍,229,
102,保留原寢,0051212,六宿舍,314,
102,保留原寢,0152054,六宿舍,314,未確認申請
102,未保留原寢,0152056,六宿舍,314,
102,保留原寢,0152728,六宿舍,314,未確認申請
102,保留原寢,0150116,六宿舍,322,
102,未保留原寢,0150139,六宿舍,322,
102,保留原寢,0150180,六宿舍,322,
102,保留原寢,0152709,六宿舍,322,
102,保留原寢,0010133,七宿舍,106,
102,保留原寢,0010143,七宿舍,106,
102,保留原寢,0010720,七宿舍,106,
102,保留原寢,0016205,七宿舍,106,
102,未保留原寢,9923029,七宿舍,107,
102,保留原寢,9923084,七宿舍,107,
102,保留原寢,9923120,七宿舍,107,
102,保留原寢,9923148,七宿舍,107,
102,保留原寢,0010501,七宿舍,111,
102,保留原寢,0010504,七宿舍,111,
102,保留原寢,0010518,七宿舍,111,
102,未保留原寢,9910007,七宿舍,111,
102,保留原寢,0010746,七宿舍,112,
102,未保留原寢,0010762,七宿舍,112,
102,保留原寢,0010806,七宿舍,112,
102,未保留原寢,0010826,七宿舍,112,
102,保留原寢,0010512,七宿舍,116,
102,保留原寢,0010515,七宿舍,116,
102,保留原寢,0010516,七宿舍,116,
102,保留原寢,0010524,七宿舍,116,
102,保留原寢,0011028,七宿舍,119,
102,保留原寢,0011060,七宿舍,119,
102,保留原寢,0011091,七宿舍,119,
102,保留原寢,0011099,七宿舍,119,
102,未保留原寢,0013327,七宿舍,123,
102,保留原寢,0013338,七宿舍,123,
102,保留原寢,0013341,七宿舍,123,
102,保留原寢,0013343,七宿舍,123,
102,保留原寢,0010505,七宿舍,125,
102,保留原寢,0010509,七宿舍,125,
102,未保留原寢,0110509,七宿舍,125,
102,未保留原寢,9924008,七宿舍,125,
102,保留原寢,9917067,七宿舍,127,
102,保留原寢,9917068,七宿舍,127,
102,保留原寢,9917153,七宿舍,127,
102,保留原寢,9917276,七宿舍,127,
102,保留原寢,0010703,七宿舍,202,
102,未保留原寢,0010727,七宿舍,202,
102,保留原寢,0010759,七宿舍,202,
102,未保留原寢,0010842,七宿舍,202,
102,保留原寢,0010004,七宿舍,203,
102,保留原寢,0010007,七宿舍,203,
102,保留原寢,0010009,七宿舍,203,
102,保留原寢,0010029,七宿舍,203,
102,保留原寢,0010006,七宿舍,207,
102,未保留原寢,0010020,七宿舍,207,
102,未保留原寢,0010023,七宿舍,207,
102,保留原寢,0010028,七宿舍,207,
102,保留原寢,0011035,七宿舍,208,
102,保留原寢,0011048,七宿舍,208,
102,未保留原寢,0011059,七宿舍,208,
102,保留原寢,0011061,七宿舍,208,
102,保留原寢,9917021,七宿舍,212,
102,保留原寢,9917126,七宿舍,212,
102,保留原寢,9917130,七宿舍,212,
102,保留原寢,9917154,七宿舍,212,
102,保留原寢,0011508,七宿舍,216,
102,保留原寢,0011513,七宿舍,216,
102,保留原寢,0016245,七宿舍,216,
102,保留原寢,0016307,七宿舍,216,
102,保留原寢,0010002,七宿舍,218,
102,保留原寢,0010010,七宿舍,218,
102,保留原寢,0010011,七宿舍,218,
102,保留原寢,0010025,七宿舍,218,
102,保留原寢,9911013,七宿舍,219,
102,保留原寢,9911022,七宿舍,219,
102,未保留原寢,9911034,七宿舍,219,
102,未保留原寢,9911055,七宿舍,219,
102,未保留原寢,9911011,七宿舍,220,
102,保留原寢,9911043,七宿舍,220,
102,保留原寢,9911071,七宿舍,220,
102,未保留原寢,9911082,七宿舍,220,
102,保留原寢,0011005,七宿舍,221,
102,保留原寢,0011071,七宿舍,221,
102,保留原寢,0011105,七宿舍,221,
102,未保留原寢,0016209,七宿舍,221,
102,保留原寢,9914033,七宿舍,223,
102,保留原寢,9914041,七宿舍,223,
102,保留原寢,9914044,七宿舍,223,
102,未保留原寢,9914056,七宿舍,223,
102,保留原寢,9911001,七宿舍,227,
102,保留原寢,9911024,七宿舍,227,
102,未保留原寢,9911036,七宿舍,227,
102,保留原寢,9911058,七宿舍,227,
102,保留原寢,0010707,七宿舍,231,
102,保留原寢,0010774,七宿舍,231,
102,保留原寢,0010832,七宿舍,231,
102,未保留原寢,9914012,七宿舍,231,
102,保留原寢,0011011,七宿舍,232,
102,保留原寢,0011065,七宿舍,232,
102,未保留原寢,0016023,七宿舍,232,
102,未保留原寢,0019046,七宿舍,232,
102,保留原寢,9923004,七宿舍,233,
102,保留原寢,9923048,七宿舍,233,
102,保留原寢,9923104,七宿舍,233,
102,保留原寢,9923153,七宿舍,233,
102,保留原寢,0011015,七宿舍,234,
102,保留原寢,0011066,七宿舍,234,
102,未保留原寢,0011077,七宿舍,234,
102,未保留原寢,0111077,七宿舍,234,
102,保留原寢,9923042,七宿舍,237,
102,保留原寢,9923079,七宿舍,237,
102,未保留原寢,9923116,七宿舍,237,
102,保留原寢,9923123,七宿舍,237,
102,未保留原寢,9914002,七宿舍,307,
102,保留原寢,9914027,七宿舍,307,
102,保留原寢,9914059,七宿舍,307,
102,未保留原寢,9914078,七宿舍,307,
102,保留原寢,9914030,七宿舍,312,
102,保留原寢,9914032,七宿舍,312,
102,未保留原寢,9914088,七宿舍,312,
102,保留原寢,9914093,七宿舍,312,
102,保留原寢,9933052,七宿舍,313,
102,保留原寢,9943021,七宿舍,313,
102,保留原寢,9943024,七宿舍,313,
102,保留原寢,9943030,七宿舍,313,
102,保留原寢,9911015,七宿舍,314,
102,保留原寢,9911021,七宿舍,314,
102,保留原寢,9911023,七宿舍,314,
102,保留原寢,9911032,七宿舍,314,
102,保留原寢,0010710,七宿舍,316,
102,未保留原寢,0016017,七宿舍,316,
102,未保留原寢,0016206,七宿舍,316,
102,保留原寢,0016304,七宿舍,316,
102,保留原寢,0011044,七宿舍,317,
102,保留原寢,0011084,七宿舍,317,
102,保留原寢,0011094,七宿舍,317,
102,保留原寢,0011100,七宿舍,317,
102,保留原寢,0010110,七宿舍,318,
102,保留原寢,0010135,七宿舍,318,
102,保留原寢,0010146,七宿舍,318,
102,保留原寢,0011290,七宿舍,318,
102,保留原寢,0010511,七宿舍,320,
102,保留原寢,0010523,七宿舍,320,
102,保留原寢,0010532,七宿舍,320,
102,保留原寢,0010537,七宿舍,320,
102,保留原寢,9928005,七宿舍,323,
102,保留原寢,9928013,七宿舍,323,
102,保留原寢,9928034,七宿舍,323,
102,保留原寢,9928039,七宿舍,323,
102,未保留原寢,0011540,七宿舍,325,
102,保留原寢,0015431,七宿舍,325,
102,保留原寢,0015432,七宿舍,325,
102,保留原寢,0015434,七宿舍,325,
102,保留原寢,0015347,七宿舍,326,
102,保留原寢,0015349,七宿舍,326,
102,保留原寢,0015350,七宿舍,326,
102,保留原寢,0015351,七宿舍,326,
102,未保留原寢,0013339,七宿舍,328,
102,保留原寢,0016081,七宿舍,328,
102,保留原寢,0016202,七宿舍,328,
102,保留原寢,0016229,七宿舍,328,
102,未保留原寢,9817065,七宿舍,329,
102,保留原寢,9928015,七宿舍,329,
102,保留原寢,9928028,七宿舍,329,
102,保留原寢,9928047,七宿舍,329,
102,保留原寢,9910001,七宿舍,330,
102,保留原寢,9910011,七宿舍,330,
102,保留原寢,9953012,七宿舍,330,
102,保留原寢,9953024,七宿舍,330,
102,保留原寢,0010502,七宿舍,332,
102,保留原寢,0010503,七宿舍,332,
102,未保留原寢,0010542,七宿舍,332,
102,未保留原寢,0010545,七宿舍,332,
102,未保留原寢,9922010,七宿舍,334,
102,保留原寢,9923010,七宿舍,334,
102,保留原寢,9923058,七宿舍,334,
102,保留原寢,9923094,七宿舍,334,
102,保留原寢,9914017,七宿舍,335,
102,保留原寢,9914031,七宿舍,335,
102,保留原寢,9914034,七宿舍,335,
102,未保留原寢,9914064,七宿舍,335,
102,未保留原寢,9914021,七宿舍,336,
102,保留原寢,9914061,七宿舍,336,
102,保留原寢,9914067,七宿舍,336,
102,保留原寢,9924013,七宿舍,336,
102,保留原寢,0011022,七宿舍,338,
102,保留原寢,0011046,七宿舍,338,
102,保留原寢,0011089,七宿舍,338,
102,保留原寢,0011092,七宿舍,338,
102,未保留原寢,0011216,八宿舍,101,
102,未保留原寢,0011226,八宿舍,101,
102,保留原寢,0015429,八宿舍,101,
102,保留原寢,0015433,八宿舍,101,
102,保留原寢,0011527,八宿舍,102,
102,保留原寢,0011529,八宿舍,102,
102,保留原寢,0011544,八宿舍,102,未確認申請
102,保留原寢,0011551,八宿舍,102,
102,保留原寢,0010739,八宿舍,103,
102,保留原寢,0010783,八宿舍,103,
102,保留原寢,0010856,八宿舍,103,
102,保留原寢,0016329,八宿舍,103,
102,保留原寢,9823105,八宿舍,104,
102,保留原寢,9921005,八宿舍,104,
102,保留原寢,9923109,八宿舍,104,
102,未保留原寢,9925037,八宿舍,104,
102,保留原寢,0011603,八宿舍,105,
102,保留原寢,0011604,八宿舍,105,
102,保留原寢,0011607,八宿舍,105,
102,保留原寢,0011608,八宿舍,105,
102,保留原寢,0011606,八宿舍,107,
102,保留原寢,0011612,八宿舍,107,
102,保留原寢,0011617,八宿舍,107,
102,保留原寢,0011621,八宿舍,107,
102,未保留原寢,9917101,八宿舍,108,
102,保留原寢,9921003,八宿舍,108,
102,保留原寢,9921127,八宿舍,108,
102,保留原寢,9921135,八宿舍,108,
102,保留原寢,0012003,八宿舍,110,未確認申請
102,保留原寢,0012008,八宿舍,110,
102,保留原寢,0012106,八宿舍,110,
102,保留原寢,0012112,八宿舍,110,
102,保留原寢,9923014,八宿舍,113,
102,保留原寢,9923126,八宿舍,113,
102,未保留原寢,9923135,八宿舍,113,
102,未保留原寢,9923150,八宿舍,113,
102,保留原寢,9932021,八宿舍,115,
102,保留原寢,9932025,八宿舍,115,
102,保留原寢,9932028,八宿舍,115,
102,保留原寢,9932039,八宿舍,115,
102,保留原寢,9914004,八宿舍,116,
102,保留原寢,9914018,八宿舍,116,
102,保留原寢,9914054,八宿舍,116,
102,保留原寢,9914070,八宿舍,116,
102,保留原寢,0013303,八宿舍,118,
102,保留原寢,0013344,八宿舍,118,
102,保留原寢,0013347,八宿舍,118,
102,保留原寢,0013356,八宿舍,118,
102,保留原寢,9932002,八宿舍,119,
102,保留原寢,9932020,八宿舍,119,
102,保留原寢,9932034,八宿舍,119,
102,保留原寢,9932044,八宿舍,119,
102,保留原寢,9932011,八宿舍,122,
102,保留原寢,9932047,八宿舍,122,
102,保留原寢,9932049,八宿舍,122,
102,未保留原寢,9954032,八宿舍,122,
102,保留原寢,0012015,八宿舍,123,
102,保留原寢,0012036,八宿舍,123,
102,保留原寢,0012103,八宿舍,123,
102,保留原寢,0012107,八宿舍,123,
102,保留原寢,9921103,八宿舍,128,
102,保留原寢,9921107,八宿舍,128,
102,未保留原寢,9921116,八宿舍,128,
102,保留原寢,9921137,八宿舍,128,
102,保留原寢,9914077,八宿舍,131,
102,未保留原寢,9921025,八宿舍,131,
102,保留原寢,9933001,八宿舍,131,
102,保留原寢,9933034,八宿舍,131,
102,保留原寢,0010539,八宿舍,132,
102,保留原寢,0011002,八宿舍,132,
102,保留原寢,0011042,八宿舍,132,
102,保留原寢,0011108,八宿舍,132,
102,保留原寢,0011501,八宿舍,134,
102,保留原寢,0011514,八宿舍,134,
102,保留原寢,0011534,八宿舍,134,
102,保留原寢,0011542,八宿舍,134,
102,保留原寢,9923194,八宿舍,137,
102,保留原寢,9923197,八宿舍,137,
102,未保留原寢,9923198,八宿舍,137,
102,保留原寢,9932055,八宿舍,137,
102,未保留原寢,9910017,八宿舍,201,
102,保留原寢,9923073,八宿舍,201,
102,保留原寢,9923082,八宿舍,201,
102,保留原寢,9923149,八宿舍,201,
102,未保留原寢,0016084,八宿舍,202,
102,保留原寢,0016317,八宿舍,202,
102,保留原寢,0016325,八宿舍,202,
102,保留原寢,0016330,八宿舍,202,
102,保留原寢,9923100,八宿舍,203,
102,保留原寢,9923101,八宿舍,203,
102,保留原寢,9923102,八宿舍,203,
102,保留原寢,9923152,八宿舍,203,
102,保留原寢,9917023,八宿舍,205,
102,保留原寢,9917139,八宿舍,205,
102,保留原寢,9917156,八宿舍,205,
102,保留原寢,9917252,八宿舍,205,
102,保留原寢,0012224,八宿舍,214,
102,保留原寢,0012242,八宿舍,214,
102,未保留原寢,9922049,八宿舍,214,
102,未保留原寢,9923064,八宿舍,214,
102,保留原寢,0016079,八宿舍,217,
102,保留原寢,0016087,八宿舍,217,
102,保留原寢,0016238,八宿舍,217,
102,保留原寢,0016338,八宿舍,217,
102,保留原寢,0010848,八宿舍,221,
102,保留原寢,0011063,八宿舍,221,
102,保留原寢,0016086,八宿舍,221,
102,保留原寢,0016326,八宿舍,221,
102,未保留原寢,0016015,八宿舍,223,
102,保留原寢,0016018,八宿舍,223,
102,保留原寢,0016021,八宿舍,223,
102,保留原寢,0016203,八宿舍,223,
102,保留原寢,0010872,八宿舍,225,
102,保留原寢,0010873,八宿舍,225,
102,保留原寢,0016107,八宿舍,225,
102,保留原寢,9931052,八宿舍,225,
102,保留原寢,0012016,八宿舍,227,
102,保留原寢,0012104,八宿舍,227,
102,保留原寢,0012114,八宿舍,227,
102,保留原寢,0012122,八宿舍,227,
102,保留原寢,0011260,八宿舍,228,
102,保留原寢,0011261,八宿舍,228,
102,保留原寢,0011272,八宿舍,228,
102,保留原寢,0011274,八宿舍,228,
102,保留原寢,0012235,八宿舍,230,
102,保留原寢,0012254,八宿舍,230,
102,未保留原寢,9922004,八宿舍,230,
102,未保留原寢,9922044,八宿舍,230,
102,保留原寢,9916050,八宿舍,233,
102,保留原寢,9933011,八宿舍,233,
102,未保留原寢,9933043,八宿舍,233,
102,未保留原寢,9933049,八宿舍,233,
102,保留原寢,0010763,八宿舍,239,
102,保留原寢,0010795,八宿舍,239,
102,保留原寢,0010867,八宿舍,239,
102,保留原寢,0010868,八宿舍,239,
102,保留原寢,9921041,八宿舍,240,未確認申請
102,保留原寢,9923006,八宿舍,240,未確認申請
102,保留原寢,9923070,八宿舍,240,未確認申請
102,保留原寢,9933067,八宿舍,240,
102,保留原寢,9914005,八宿舍,241,
102,保留原寢,9914038,八宿舍,241,
102,保留原寢,9914074,八宿舍,241,
102,保留原寢,9914099,八宿舍,241,
102,未保留原寢,9917022,八宿舍,302,
102,保留原寢,9917034,八宿舍,302,
102,保留原寢,9917065,八宿舍,302,
102,保留原寢,9917098,八宿舍,302,
102,保留原寢,9908002,八宿舍,304,
102,未保留原寢,9908005,八宿舍,304,
102,未保留原寢,9908006,八宿舍,304,
102,保留原寢,9908010,八宿舍,304,
102,保留原寢,9917071,八宿舍,309,
102,保留原寢,9917138,八宿舍,309,
102,保留原寢,9917159,八宿舍,309,
102,保留原寢,9917246,八宿舍,309,
102,保留原寢,9917025,八宿舍,310,
102,保留原寢,9923033,八宿舍,310,
102,保留原寢,9923061,八宿舍,310,
102,保留原寢,9923113,八宿舍,310,
102,未保留原寢,0013314,八宿舍,313,
102,保留原寢,0013330,八宿舍,313,
102,保留原寢,0013340,八宿舍,313,
102,保留原寢,0013353,八宿舍,313,
102,保留原寢,9923078,八宿舍,321,
102,保留原寢,9923111,八宿舍,321,
102,未保留原寢,9923118,八宿舍,321,
102,未保留原寢,9923142,八宿舍,321,
102,保留原寢,0015321,八宿舍,327,
102,保留原寢,9917002,八宿舍,327,
102,保留原寢,9917043,八宿舍,327,
102,未保留原寢,9917048,八宿舍,327,
102,保留原寢,9914008,八宿舍,334,
102,保留原寢,9914096,八宿舍,334,
102,保留原寢,9914100,八宿舍,334,
102,未保留原寢,9917245,八宿舍,334,
102,保留原寢,9911008,八宿舍,335,
102,保留原寢,9911010,八宿舍,335,
102,保留原寢,9911072,八宿舍,335,
102,保留原寢,9911078,八宿舍,335,
102,未保留原寢,0011207,八宿舍,336,
102,保留原寢,0011208,八宿舍,336,
102,未保留原寢,0011211,八宿舍,336,
102,保留原寢,0011282,八宿舍,336,
102,保留原寢,9933008,八宿舍,339,
102,保留原寢,9933010,八宿舍,339,
102,保留原寢,9933031,八宿舍,339,
102,未保留原寢,9933047,八宿舍,339,
102,保留原寢,0011223,八宿舍,405,
102,未保留原寢,0011227,八宿舍,405,
102,保留原寢,0011262,八宿舍,405,
102,保留原寢,9818019,八宿舍,405,
102,保留原寢,9928031,八宿舍,410,
102,保留原寢,9928043,八宿舍,410,
102,未保留原寢,9928049,八宿舍,410,
102,保留原寢,9928055,八宿舍,410,
102,未保留原寢,0016036,八宿舍,415,
102,未保留原寢,0016040,八宿舍,415,
102,保留原寢,0016088,八宿舍,415,
102,保留原寢,9922003,八宿舍,415,
102,保留原寢,9922026,八宿舍,419,
102,保留原寢,9922032,八宿舍,419,
102,未保留原寢,9922040,八宿舍,419,
102,保留原寢,9923069,八宿舍,419,
102,保留原寢,9922007,八宿舍,426,
102,保留原寢,9922028,八宿舍,426,
102,保留原寢,9922035,八宿舍,426,
102,保留原寢,9922042,八宿舍,426,
102,保留原寢,9914019,八宿舍,438,
102,保留原寢,9914076,八宿舍,438,
102,未保留原寢,9914101,八宿舍,438,
102,保留原寢,9917053,八宿舍,438,
102,保留原寢,0016053,八宿舍,441,
102,保留原寢,0016078,八宿舍,441,
102,保留原寢,0016092,八宿舍,441,
102,保留原寢,0016301,八宿舍,441,
102,保留原寢,0011237,九宿舍,106,
102,保留原寢,0011280,九宿舍,106,
102,保留原寢,0011285,九宿舍,106,
102,保留原寢,0011288,九宿舍,106,
102,未保留原寢,0012205,九宿舍,110,
102,保留原寢,0012217,九宿舍,110,
102,保留原寢,0012244,九宿舍,110,
102,未保留原寢,9923189,九宿舍,110,
102,保留原寢,9916012,九宿舍,111,
102,保留原寢,9916061,九宿舍,111,
102,未保留原寢,9916078,九宿舍,111,
102,保留原寢,9916093,九宿舍,111,
102,保留原寢,9916039,九宿舍,112,
102,保留原寢,9916043,九宿舍,112,
102,保留原寢,9916058,九宿舍,112,
102,未保留原寢,9925021,九宿舍,112,
102,保留原寢,0012203,九宿舍,113,
102,未保留原寢,0012213,九宿舍,113,
102,保留原寢,0012216,九宿舍,113,
102,保留原寢,0012251,九宿舍,113,
102,保留原寢,0010735,九宿舍,114,
102,保留原寢,0010775,九宿舍,114,
102,保留原寢,0010863,九宿舍,114,
102,保留原寢,0010871,九宿舍,114,
102,保留原寢,0011203,九宿舍,117,
102,未保留原寢,0011213,九宿舍,117,
102,保留原寢,0011217,九宿舍,117,
102,未保留原寢,9925023,九宿舍,117,
102,保留原寢,9917026,九宿舍,118,
102,保留原寢,9917092,九宿舍,118,
102,保留原寢,9917155,九宿舍,118,
102,保留原寢,9917168,九宿舍,118,
102,保留原寢,9922017,九宿舍,121,
102,保留原寢,9922021,九宿舍,121,
102,保留原寢,9922022,九宿舍,121,
102,保留原寢,9922048,九宿舍,121,
102,保留原寢,9916017,九宿舍,122,
102,保留原寢,9916023,九宿舍,122,
102,保留原寢,9916091,九宿舍,122,
102,未保留原寢,9917166,九宿舍,122,
102,未保留原寢,9916007,九宿舍,123,
102,未保留原寢,9916018,九宿舍,123,
102,保留原寢,9916076,九宿舍,123,
102,保留原寢,9916088,九宿舍,123,
102,保留原寢,0012511,九宿舍,125,
102,保留原寢,0012513,九宿舍,125,
102,保留原寢,0012529,九宿舍,125,
102,未保留原寢,0012543,九宿舍,125,
102,保留原寢,0012557,九宿舍,127,
102,保留原寢,0016105,九宿舍,127,
102,未保留原寢,0016251,九宿舍,127,
102,未保留原寢,0016252,九宿舍,127,
102,保留原寢,9925001,九宿舍,129,
102,保留原寢,9925003,九宿舍,129,
102,保留原寢,9925008,九宿舍,129,
102,保留原寢,9925041,九宿舍,129,
102,保留原寢,0016043,九宿舍,131,
102,未保留原寢,0016223,九宿舍,131,
102,保留原寢,0016309,九宿舍,131,
102,保留原寢,0016316,九宿舍,131,
102,保留原寢,9816112,九宿舍,201,
102,未保留原寢,9914006,九宿舍,201,
102,未保留原寢,9923188,九宿舍,201,
102,保留原寢,9923191,九宿舍,201,
102,保留原寢,0016037,九宿舍,203,
102,保留原寢,0016062,九宿舍,203,
102,保留原寢,0016101,九宿舍,203,
102,保留原寢,0016249,九宿舍,203,
102,未保留原寢,0016002,九宿舍,205,
102,保留原寢,0016005,九宿舍,205,
102,保留原寢,9924016,九宿舍,205,
102,保留原寢,9924041,九宿舍,205,
102,保留原寢,9911006,九宿舍,210,
102,保留原寢,9911052,九宿舍,210,
102,保留原寢,9911062,九宿舍,210,
102,保留原寢,9943004,九宿舍,210,
102,保留原寢,0016003,九宿舍,211,
102,保留原寢,0016033,九宿舍,211,
102,保留原寢,0016204,九宿舍,211,
102,保留原寢,0016305,九宿舍,211,
102,保留原寢,9925009,九宿舍,212,
102,保留原寢,9925024,九宿舍,212,
102,未保留原寢,9925045,九宿舍,212,
102,保留原寢,9925046,九宿舍,212,
102,保留原寢,0012210,九宿舍,216,
102,保留原寢,0012245,九宿舍,216,
102,保留原寢,0012246,九宿舍,216,
102,保留原寢,0012248,九宿舍,216,
102,保留原寢,0016022,九宿舍,218,
102,保留原寢,0016089,九宿舍,218,
102,保留原寢,0016094,九宿舍,218,未確認申請
102,保留原寢,0016318,九宿舍,218,
102,保留原寢,0010765,九宿舍,219,
102,保留原寢,0010796,九宿舍,219,
102,保留原寢,0010829,九宿舍,219,
102,保留原寢,0010840,九宿舍,219,
102,未保留原寢,9916019,九宿舍,226,
102,保留原寢,9916027,九宿舍,226,
102,保留原寢,9916053,九宿舍,226,
102,保留原寢,9916089,九宿舍,226,
102,未保留原寢,9924002,九宿舍,227,
102,保留原寢,9924003,九宿舍,227,
102,未保留原寢,9924011,九宿舍,227,
102,保留原寢,9924024,九宿舍,227,
102,保留原寢,0016054,九宿舍,228,
102,保留原寢,0016060,九宿舍,228,
102,保留原寢,0016077,九宿舍,228,
102,保留原寢,0016095,九宿舍,228,
102,保留原寢,0010776,九宿舍,231,
102,保留原寢,0010804,九宿舍,231,
102,保留原寢,0010815,九宿舍,231,
102,保留原寢,0010881,九宿舍,231,
102,保留原寢,0017001,九宿舍,301,
102,保留原寢,0017023,九宿舍,301,
102,保留原寢,0017033,九宿舍,301,
102,保留原寢,0017036,九宿舍,301,
102,保留原寢,0016007,九宿舍,303,
102,保留原寢,0016014,九宿舍,303,
102,保留原寢,0016056,九宿舍,303,
102,保留原寢,0016104,九宿舍,303,
102,保留原寢,0011201,九宿舍,305,
102,保留原寢,0011236,九宿舍,305,
102,保留原寢,0011271,九宿舍,305,
102,保留原寢,0011291,九宿舍,305,
102,保留原寢,9821036,九宿舍,309,
102,保留原寢,9921111,九宿舍,309,
102,保留原寢,9921113,九宿舍,309,
102,保留原寢,9925040,九宿舍,309,
102,保留原寢,9923023,九宿舍,311,
102,保留原寢,9923039,九宿舍,311,
102,保留原寢,9923175,九宿舍,311,
102,保留原寢,9923180,九宿舍,311,
102,保留原寢,0010740,九宿舍,312,
102,保留原寢,0016042,九宿舍,312,
102,保留原寢,0016045,九宿舍,312,
102,保留原寢,0016312,九宿舍,312,
102,保留原寢,9922002,九宿舍,314,
102,未保留原寢,9922005,九宿舍,314,
102,保留原寢,9922015,九宿舍,314,
102,未保留原寢,9923062,九宿舍,314,
102,保留原寢,9916022,九宿舍,315,
102,未保留原寢,9916024,九宿舍,315,
102,保留原寢,9916060,九宿舍,315,
102,保留原寢,9916077,九宿舍,315,
102,未保留原寢,0010812,九宿舍,317,
102,未保留原寢,0010880,九宿舍,317,
102,保留原寢,9924006,九宿舍,317,
102,保留原寢,9924032,九宿舍,317,
102,保留原寢,9917054,九宿舍,318,
102,保留原寢,9922039,九宿舍,318,
102,保留原寢,9924001,九宿舍,318,
102,保留原寢,9924037,九宿舍,318,未確認申請
102,未保留原寢,9918001,九宿舍,325,
102,保留原寢,9925005,九宿舍,325,
102,保留原寢,9925050,九宿舍,325,
102,保留原寢,9925053,九宿舍,325,
102,保留原寢,9918004,九宿舍,326,
102,保留原寢,9918016,九宿舍,326,
102,保留原寢,9918051,九宿舍,326,
102,未保留原寢,9925019,九宿舍,326,
102,保留原寢,0016085,九宿舍,327,
102,保留原寢,0016098,九宿舍,327,
102,保留原寢,0016310,九宿舍,327,
102,保留原寢,9917084,九宿舍,327,
102,保留原寢,0012522,九宿舍,328,
102,保留原寢,0012541,九宿舍,328,
102,保留原寢,0012547,九宿舍,328,
102,未保留原寢,9925042,九宿舍,328,
102,未保留原寢,0010111,九宿舍,330,
102,保留原寢,0010172,九宿舍,330,
102,保留原寢,0010177,九宿舍,330,
102,未保留原寢,0010179,九宿舍,330,
102,未保留原寢,0010109,九宿舍,331,
102,保留原寢,0010158,九宿舍,331,
102,保留原寢,0010181,九宿舍,331,
102,未保留原寢,0010186,九宿舍,331,
102,保留原寢,0016080,九宿舍,332,
102,保留原寢,0016201,九宿舍,332,
102,未保留原寢,0016213,九宿舍,332,
102,保留原寢,0016227,九宿舍,332,
102,保留原寢,0012215,九宿舍,401,
102,保留原寢,0012239,九宿舍,401,
102,保留原寢,0012247,九宿舍,401,
102,保留原寢,0012249,九宿舍,401,
102,未保留原寢,9922027,九宿舍,404,
102,保留原寢,9922029,九宿舍,404,
102,保留原寢,9922030,九宿舍,404,
102,保留原寢,9922050,九宿舍,404,
102,保留原寢,9917038,九宿舍,411,
102,保留原寢,9917040,九宿舍,411,
102,保留原寢,9917070,九宿舍,411,
102,保留原寢,9917244,九宿舍,411,
102,保留原寢,0012501,九宿舍,413,
102,保留原寢,0012509,九宿舍,413,
102,保留原寢,0012538,九宿舍,413,
102,保留原寢,0012546,九宿舍,413,
102,未保留原寢,9911091,九宿舍,414,
102,保留原寢,9916010,九宿舍,414,
102,保留原寢,9916070,九宿舍,414,
102,保留原寢,9925028,九宿舍,414,
102,未保留原寢,9924019,九宿舍,415,
102,保留原寢,9924031,九宿舍,415,
102,保留原寢,9925038,九宿舍,415,
102,保留原寢,9925047,九宿舍,415,
102,保留原寢,0011206,九宿舍,417,
102,保留原寢,0011263,九宿舍,417,
102,保留原寢,0011267,九宿舍,417,
102,保留原寢,0011279,九宿舍,417,
102,未保留原寢,9924007,九宿舍,419,
102,未保留原寢,9924022,九宿舍,419,
102,保留原寢,9924025,九宿舍,419,
102,保留原寢,9924030,九宿舍,419,
102,保留原寢,9911060,九宿舍,420,
102,保留原寢,9911074,九宿舍,420,
102,保留原寢,9917250,九宿舍,420,
102,保留原寢,9917269,九宿舍,420,
102,未保留原寢,0011205,九宿舍,428,
102,保留原寢,0011209,九宿舍,428,
102,保留原寢,0011233,九宿舍,428,
102,未保留原寢,0011277,九宿舍,428,
102,保留原寢,9917031,九宿舍,429,
102,保留原寢,9917032,九宿舍,429,
102,保留原寢,9917100,九宿舍,429,
102,保留原寢,9917268,九宿舍,429,
102,保留原寢,0012201,九宿舍,432,
102,保留原寢,0012219,九宿舍,432,
102,未保留原寢,0012241,九宿舍,432,
102,保留原寢,0012252,九宿舍,432,
102,未保留原寢,0011255,十宿舍,113,
102,未保留原寢,0011519,十宿舍,113,
102,保留原寢,0013222,十宿舍,113,
102,保留原寢,0013230,十宿舍,113,
102,保留原寢,9952801,十一宿舍,104,
102,保留原寢,9924801,十一宿舍,104,
102,保留原寢,9821504,十一宿舍,109,
102,未保留原寢,0059304,十一宿舍,113,
102,保留原寢,0059316,十一宿舍,113,
102,保留原寢,0059322,十一宿舍,113,
102,保留原寢,0059324,十一宿舍,113,
102,未保留原寢,0151076,十一宿舍,118,
102,保留原寢,0151550,十一宿舍,118,
102,未保留原寢,0152514,十一宿舍,118,
102,保留原寢,0159639,十一宿舍,118,
102,保留原寢,0087205,十一宿舍,204,
102,保留原寢,9811810,十一宿舍,206,
102,保留原寢,9621811,十一宿舍,209,
102,未保留原寢,0150121,十一宿舍,209,
102,保留原寢,0150148,十一宿舍,209,
102,保留原寢,0081528,十一宿舍,209,
102,保留原寢,0059806,十一宿舍,213,
102,保留原寢,0151610,十一宿舍,213,
102,保留原寢,9942517,十一宿舍,213,
102,保留原寢,0086012,十一宿舍,215,
102,保留原寢,0083103,十一宿舍,215,
102,保留原寢,0080208,十一宿舍,217,
102,保留原寢,9913515,十一宿舍,217,
102,保留原寢,9811505,十一宿舍,218,
102,保留原寢,0150190,十一宿舍,218,
102,保留原寢,0150197,十一宿舍,218,
102,未保留原寢,0151007,十一宿舍,218,
102,保留原寢,9911693,十一宿舍,219,
102,保留原寢,0180206,十一宿舍,219,
102,未保留原寢,0150118,十一宿舍,220,
102,保留原寢,0151706,十一宿舍,220,
102,保留原寢,0151713,十一宿舍,220,
102,保留原寢,0151718,十一宿舍,220,
102,保留原寢,9713609,十一宿舍,221,
102,保留原寢,9712502,十一宿舍,221,
102,保留原寢,9642802,十一宿舍,222,
102,保留原寢,9839803,十一宿舍,222,
102,保留原寢,0082401,十一宿舍,222,
102,保留原寢,0082512,十一宿舍,222,
102,保留原寢,9825811,十一宿舍,302,
102,保留原寢,9825806,十一宿舍,302,
102,保留原寢,9716816,十一宿舍,312,
102,保留原寢,0150176,十一宿舍,319,
102,保留原寢,0156069,十一宿舍,319,
102,未保留原寢,0156546,十一宿舍,319,
102,未保留原寢,0156709,十一宿舍,319,
102,保留原寢,0183102,十一宿舍,321,
102,保留原寢,0086043,十一宿舍,321,
102,保留原寢,9811823,十一宿舍,402,
102,保留原寢,9934805,十一宿舍,402,
102,保留原寢,9913809,十一宿舍,402,
102,保留原寢,9821807,十一宿舍,402,
102,未保留原寢,0150142,十一宿舍,403,
102,保留原寢,0153203,十一宿舍,403,
102,保留原寢,0153207,十一宿舍,403,
102,保留原寢,0153211,十一宿舍,403,
102,未保留原寢,0153102,十一宿舍,405,
102,保留原寢,0153106,十一宿舍,405,
102,保留原寢,0153107,十一宿舍,405,
102,未保留原寢,0153224,十一宿舍,405,
102,保留原寢,0153321,十一宿舍,408,
102,未保留原寢,0153323,十一宿舍,408,
102,保留原寢,0153353,十一宿舍,408,
102,未保留原寢,0156001,十一宿舍,408,
102,未保留原寢,0153937,十一宿舍,409,
102,保留原寢,0153942,十一宿舍,409,
102,保留原寢,0159121,十一宿舍,409,
102,未保留原寢,0159128,十一宿舍,409,
102,保留原寢,0151722,十一宿舍,414,
102,保留原寢,0153003,十一宿舍,414,
102,未保留原寢,0153810,十一宿舍,414,
102,未保留原寢,0156718,十一宿舍,414,
102,未保留原寢,0059101,十一宿舍,415,
102,未保留原寢,0059106,十一宿舍,415,
102,保留原寢,0059110,十一宿舍,415,
102,保留原寢,9941506,十一宿舍,415,
102,未保留原寢,0059516,十一宿舍,416,
102,保留原寢,0152602,十一宿舍,416,
102,保留原寢,0153222,十一宿舍,416,
102,保留原寢,0153426,十一宿舍,416,
102,保留原寢,0152411,十一宿舍,420,
102,保留原寢,0152535,十一宿舍,420,
102,保留原寢,0153409,十一宿舍,420,
102,保留原寢,0160247,十一宿舍,420,
102,保留原寢,0153120,十一宿舍,421,
102,保留原寢,0153124,十一宿舍,421,
102,未保留原寢,0153128,十一宿舍,421,
102,保留原寢,0153134,十一宿舍,421,
102,保留原寢,9925802,十一宿舍,422,
102,保留原寢,9933808,十一宿舍,422,
102,保留原寢,9942804,十一宿舍,422,
102,保留原寢,0081704,十一宿舍,422,
102,保留原寢,0153121,十一宿舍,502,
102,保留原寢,0153401,十一宿舍,502,
102,保留原寢,0153415,十一宿舍,502,
102,保留原寢,0160252,十一宿舍,502,
102,保留原寢,0153419,十一宿舍,505,
102,未保留原寢,0153902,十一宿舍,505,
102,未保留原寢,0153917,十一宿舍,505,
102,保留原寢,0153934,十一宿舍,505,
102,保留原寢,0150156,十一宿舍,513,
102,保留原寢,0151261,十一宿舍,513,
102,保留原寢,0151548,十一宿舍,513,
102,未保留原寢,0152558,十一宿舍,513,
102,保留原寢,0151604,十一宿舍,516,
102,保留原寢,0159307,十一宿舍,516,
102,未保留原寢,0159313,十一宿舍,516,
102,保留原寢,0159315,十一宿舍,516,
102,保留原寢,9921534,十一宿舍,521,
102,未保留原寢,0152523,十一宿舍,521,
102,保留原寢,0153307,十一宿舍,521,
102,保留原寢,0159124,十一宿舍,521,
102,未保留原寢,0010887,十三宿舍,102,
102,保留原寢,0016001,十三宿舍,102,
102,保留原寢,0016024,十三宿舍,102,
102,未保留原寢,0016027,十三宿舍,102,
102,保留原寢,0010742,十三宿舍,105,
102,保留原寢,0010749,十三宿舍,105,
102,保留原寢,0010847,十三宿舍,105,
102,保留原寢,0010849,十三宿舍,105,
102,保留原寢,0010730,十三宿舍,106,
102,保留原寢,0010753,十三宿舍,106,
102,保留原寢,0010818,十三宿舍,106,
102,保留原寢,0010855,十三宿舍,106,
102,保留原寢,0011079,十三宿舍,111,
102,保留原寢,0011087,十三宿舍,111,
102,保留原寢,0011088,十三宿舍,111,
102,未保留原寢,9911045,十三宿舍,111,
102,保留原寢,0016070,十三宿舍,112,未確認申請
102,未保留原寢,9916086,十三宿舍,112,
102,保留原寢,9923002,十三宿舍,112,
102,保留原寢,9931021,十三宿舍,112,未確認申請
102,未保留原寢,9917161,十三宿舍,113,
102,保留原寢,9931005,十三宿舍,113,
102,保留原寢,9931011,十三宿舍,113,
102,保留原寢,9931034,十三宿舍,113,
102,未保留原寢,9931012,十三宿舍,114,
102,保留原寢,9931013,十三宿舍,114,
102,保留原寢,9931046,十三宿舍,114,
102,保留原寢,9931047,十三宿舍,114,
102,保留原寢,0013306,十三宿舍,201,
102,保留原寢,0013307,十三宿舍,201,
102,保留原寢,0013320,十三宿舍,201,
102,保留原寢,0013362,十三宿舍,201,
102,保留原寢,0010728,十三宿舍,202,
102,保留原寢,0010790,十三宿舍,202,
102,保留原寢,0010791,十三宿舍,202,
102,保留原寢,0010851,十三宿舍,202,
102,保留原寢,9917169,十三宿舍,205,
102,保留原寢,9928053,十三宿舍,205,
102,保留原寢,9933060,十三宿舍,205,
102,保留原寢,9933062,十三宿舍,205,
102,保留原寢,9917033,十三宿舍,206,
102,保留原寢,9917258,十三宿舍,206,
102,保留原寢,9918033,十三宿舍,206,
102,未保留原寢,9928018,十三宿舍,206,
102,保留原寢,0016012,十三宿舍,207,
102,保留原寢,0016049,十三宿舍,207,
102,未保留原寢,9917096,十三宿舍,207,
102,保留原寢,9922037,十三宿舍,207,
102,保留原寢,9923003,十三宿舍,208,
102,保留原寢,9923075,十三宿舍,208,
102,保留原寢,9923089,十三宿舍,208,
102,保留原寢,9923105,十三宿舍,208,
102,保留原寢,0013301,十三宿舍,209,
102,未保留原寢,0013309,十三宿舍,209,
102,保留原寢,0013346,十三宿舍,209,
102,未保留原寢,0013361,十三宿舍,209,
102,保留原寢,9921142,十三宿舍,211,
102,保留原寢,9923015,十三宿舍,211,
102,保留原寢,9923145,十三宿舍,211,
102,保留原寢,9923171,十三宿舍,211,
102,保留原寢,0010705,十三宿舍,214,
102,未保留原寢,0010708,十三宿舍,214,
102,保留原寢,0010724,十三宿舍,214,
102,保留原寢,0010779,十三宿舍,214,
102,未保留原寢,0011043,十三宿舍,216,
102,未保留原寢,0011101,十三宿舍,216,
102,保留原寢,9923036,十三宿舍,216,
102,保留原寢,9923136,十三宿舍,216,
102,保留原寢,0013206,十三宿舍,218,
102,保留原寢,0013220,十三宿舍,218,
102,保留原寢,0013224,十三宿舍,218,
102,保留原寢,0013250,十三宿舍,218,
102,保留原寢,0010114,十三宿舍,219,
102,保留原寢,0010121,十三宿舍,219,
102,保留原寢,0010130,十三宿舍,219,
102,保留原寢,0010175,十三宿舍,219,
102,未保留原寢,0013302,十三宿舍,220,
102,保留原寢,0013325,十三宿舍,220,
102,未保留原寢,0013328,十三宿舍,220,
102,保留原寢,0013336,十三宿舍,220,
102,未保留原寢,9923057,十三宿舍,221,
102,保留原寢,9923095,十三宿舍,221,
102,保留原寢,9923112,十三宿舍,221,
102,保留原寢,9923129,十三宿舍,221,
102,保留原寢,9943041,十三宿舍,223,
102,保留原寢,9953008,十三宿舍,223,
102,保留原寢,9953039,十三宿舍,223,
102,保留原寢,9953045,十三宿舍,223,
102,保留原寢,9910018,十三宿舍,224,
102,保留原寢,9910020,十三宿舍,224,
102,未保留原寢,9910025,十三宿舍,224,
102,保留原寢,9916087,十三宿舍,224,
102,保留原寢,0013233,十三宿舍,225,
102,保留原寢,0013240,十三宿舍,225,
102,保留原寢,0013243,十三宿舍,225,
102,保留原寢,0013249,十三宿舍,225,
102,保留原寢,9917093,十三宿舍,301,
102,保留原寢,9933022,十三宿舍,301,
102,保留原寢,9933028,十三宿舍,301,
102,保留原寢,9933050,十三宿舍,301,
102,保留原寢,0011007,十三宿舍,302,
102,保留原寢,0011064,十三宿舍,302,
102,保留原寢,0011068,十三宿舍,302,
102,保留原寢,0011072,十三宿舍,302,
102,保留原寢,0010151,十三宿舍,304,
102,未保留原寢,0010157,十三宿舍,304,
102,未保留原寢,0010167,十三宿舍,304,
102,保留原寢,0010168,十三宿舍,304,
102,未保留原寢,9917052,十三宿舍,305,
102,保留原寢,9917174,十三宿舍,305,
102,保留原寢,9917259,十三宿舍,305,
102,保留原寢,9923055,十三宿舍,305,
102,保留原寢,0016057,十三宿舍,307,
102,保留原寢,0016069,十三宿舍,307,
102,未保留原寢,0016099,十三宿舍,307,
102,未保留原寢,0016240,十三宿舍,307,
102,保留原寢,9933007,十三宿舍,309,
102,保留原寢,9933038,十三宿舍,309,
102,保留原寢,9933040,十三宿舍,309,
102,保留原寢,9933044,十三宿舍,309,
102,保留原寢,9923021,十三宿舍,310,
102,未保留原寢,9923045,十三宿舍,310,
102,保留原寢,9923097,十三宿舍,310,
102,保留原寢,9923162,十三宿舍,310,
102,保留原寢,9923115,十三宿舍,311,
102,保留原寢,9923130,十三宿舍,311,
102,未保留原寢,9924034,十三宿舍,311,
102,保留原寢,9925043,十三宿舍,311,
102,保留原寢,9908001,十三宿舍,313,
102,未保留原寢,9908011,十三宿舍,313,
102,保留原寢,9908014,十三宿舍,313,
102,保留原寢,9908020,十三宿舍,313,
102,保留原寢,0016029,十三宿舍,316,
102,保留原寢,0016225,十三宿舍,316,
102,未保留原寢,0016243,十三宿舍,316,
102,保留原寢,0016303,十三宿舍,316,
102,保留原寢,0011026,十三宿舍,318,
102,保留原寢,0011039,十三宿舍,318,
102,保留原寢,0011062,十三宿舍,318,
102,未保留原寢,0011096,十三宿舍,318,
102,保留原寢,0016048,十三宿舍,320,
102,保留原寢,0016096,十三宿舍,320,
102,保留原寢,0016222,十三宿舍,320,
102,保留原寢,0016230,十三宿舍,320,
102,保留原寢,9917146,十三宿舍,322,
102,保留原寢,9917241,十三宿舍,322,
102,保留原寢,9917242,十三宿舍,322,
102,保留原寢,9917270,十三宿舍,322,
102,未保留原寢,0010102,十三宿舍,323,
102,保留原寢,0010104,十三宿舍,323,
102,保留原寢,0010140,十三宿舍,323,
102,保留原寢,0010170,十三宿舍,323,
102,保留原寢,9917017,十三宿舍,324,
102,保留原寢,9917030,十三宿舍,324,
102,保留原寢,9917076,十三宿舍,324,
102,保留原寢,9917133,十三宿舍,324,
102,未保留原寢,9914045,十三宿舍,325,
102,保留原寢,9931006,十三宿舍,325,
102,未保留原寢,9931014,十三宿舍,325,
102,保留原寢,9931026,十三宿舍,325,
102,保留原寢,0012022,十三宿舍,326,
102,未保留原寢,0012023,十三宿舍,326,
102,保留原寢,0012115,十三宿舍,326,
102,保留原寢,0012125,十三宿舍,326,
102,保留原寢,0010745,十三宿舍,401,
102,保留原寢,0010792,十三宿舍,401,
102,保留原寢,0010834,十三宿舍,401,
102,未保留原寢,9923140,十三宿舍,401,
102,保留原寢,9914105,十三宿舍,403,
102,保留原寢,9917106,十三宿舍,403,
102,保留原寢,9923179,十三宿舍,403,
102,保留原寢,9928051,十三宿舍,403,
102,保留原寢,0011012,十三宿舍,404,
102,保留原寢,0012539,十三宿舍,404,
102,保留原寢,0013141,十三宿舍,404,
102,保留原寢,0013238,十三宿舍,404,
102,保留原寢,9910016,十三宿舍,407,
102,保留原寢,9910022,十三宿舍,407,
102,未保留原寢,9910024,十三宿舍,407,
102,保留原寢,9910026,十三宿舍,407,
102,保留原寢,0010712,十三宿舍,408,
102,保留原寢,0010860,十三宿舍,408,
102,保留原寢,0010864,十三宿舍,408,
102,未保留原寢,9817153,十三宿舍,408,
102,保留原寢,0010721,十三宿舍,409,
102,保留原寢,0010777,十三宿舍,409,
102,保留原寢,0010853,十三宿舍,409,
102,未保留原寢,0010878,十三宿舍,409,
102,保留原寢,9917061,十三宿舍,411,未確認申請
102,未保留原寢,9917079,十三宿舍,411,
102,保留原寢,9917085,十三宿舍,411,
102,未保留原寢,9917091,十三宿舍,411,
102,保留原寢,0010709,十三宿舍,412,
102,保留原寢,0010785,十三宿舍,412,
102,保留原寢,0010789,十三宿舍,412,
102,保留原寢,0010802,十三宿舍,412,
102,未保留原寢,0010115,十三宿舍,414,
102,未保留原寢,0010156,十三宿舍,414,
102,保留原寢,0010159,十三宿舍,414,
102,保留原寢,0010162,十三宿舍,414,
102,保留原寢,9910006,十三宿舍,415,
102,保留原寢,9910028,十三宿舍,415,
102,未保留原寢,9917050,十三宿舍,415,
102,保留原寢,9917080,十三宿舍,415,
102,保留原寢,0010717,十三宿舍,416,
102,保留原寢,0010781,十三宿舍,416,
102,保留原寢,0010817,十三宿舍,416,
102,保留原寢,0010861,十三宿舍,416,
102,保留原寢,0010733,十三宿舍,417,
102,保留原寢,0010751,十三宿舍,417,
102,保留原寢,0010797,十三宿舍,417,
102,保留原寢,0010821,十三宿舍,417,
102,未保留原寢,0011264,十三宿舍,418,
102,保留原寢,0016016,十三宿舍,418,
102,保留原寢,0016026,十三宿舍,418,
102,保留原寢,0016039,十三宿舍,418,
102,保留原寢,0012020,十三宿舍,420,
102,保留原寢,0012025,十三宿舍,420,
102,保留原寢,0012102,十三宿舍,420,
102,保留原寢,0012108,十三宿舍,420,
102,保留原寢,0012021,十三宿舍,421,
102,保留原寢,0012030,十三宿舍,421,
102,未保留原寢,0012111,十三宿舍,421,
102,保留原寢,0012123,十三宿舍,421,
102,保留原寢,0010706,十三宿舍,422,
102,保留原寢,0010732,十三宿舍,422,
102,保留原寢,0010770,十三宿舍,422,
102,保留原寢,0010784,十三宿舍,422,
102,保留原寢,9914007,十三宿舍,425,
102,保留原寢,9914065,十三宿舍,425,
102,保留原寢,9914069,十三宿舍,425,
102,保留原寢,9914106,十三宿舍,425,
102,未保留原寢,0012117,十三宿舍,426,
102,保留原寢,0012118,十三宿舍,426,
102,保留原寢,0012119,十三宿舍,426,
102,保留原寢,0012130,十三宿舍,426,
102,未保留原寢,0011228,十三宿舍,502,
102,未保留原寢,0012502,十三宿舍,502,
102,保留原寢,9921015,十三宿舍,502,
102,保留原寢,9921029,十三宿舍,502,
102,保留原寢,9916051,十三宿舍,503,
102,保留原寢,9921014,十三宿舍,503,
102,保留原寢,9921131,十三宿舍,503,
102,保留原寢,9953023,十三宿舍,503,
102,未保留原寢,9921001,十三宿舍,504,
102,保留原寢,9921013,十三宿舍,504,
102,保留原寢,9921035,十三宿舍,504,
102,未保留原寢,9921117,十三宿舍,504,
102,未保留原寢,0011506,十三宿舍,506,
102,未保留原寢,0011512,十三宿舍,506,
102,保留原寢,0011528,十三宿舍,506,
102,保留原寢,0011538,十三宿舍,506,
102,保留原寢,0012011,十三宿舍,508,
102,保留原寢,0012017,十三宿舍,508,
102,未保留原寢,9921030,十三宿舍,508,
102,未保留原寢,9921118,十三宿舍,508,
102,保留原寢,0011016,十三宿舍,509,
102,保留原寢,0011017,十三宿舍,509,
102,保留原寢,0011030,十三宿舍,509,
102,未保留原寢,0013208,十三宿舍,509,
102,保留原寢,9921020,十三宿舍,514,
102,保留原寢,9921104,十三宿舍,514,
102,未保留原寢,9921105,十三宿舍,514,
102,未保留原寢,9921140,十三宿舍,514,
102,未保留原寢,0012218,十三宿舍,515,
102,未保留原寢,0012550,十三宿舍,515,
102,保留原寢,9921011,十三宿舍,515,
102,保留原寢,9921033,十三宿舍,515,
102,保留原寢,9921008,十三宿舍,516,
102,未保留原寢,9921023,十三宿舍,516,
102,保留原寢,9921109,十三宿舍,516,
102,未保留原寢,9921120,十三宿舍,516,
102,未保留原寢,9816096,十三宿舍,517,
102,保留原寢,9921108,十三宿舍,517,
102,保留原寢,9921124,十三宿舍,517,
102,保留原寢,9921136,十三宿舍,517,
102,保留原寢,0016050,十三宿舍,522,
102,保留原寢,0016308,十三宿舍,522,
102,未保留原寢,0016319,十三宿舍,522,
102,保留原寢,0016332,十三宿舍,522,
102,保留原寢,9923063,十三宿舍,525,
102,保留原寢,9923125,十三宿舍,525,
102,保留原寢,9923146,十三宿舍,525,
102,保留原寢,9923170,十三宿舍,525,
102,保留原寢,9923030,十三宿舍,526,
102,保留原寢,9923052,十三宿舍,526,
102,保留原寢,9923124,十三宿舍,526,
102,保留原寢,9923131,十三宿舍,526,
102,保留原寢,0010704,十三宿舍,601,
102,保留原寢,0010761,十三宿舍,601,
102,保留原寢,0010854,十三宿舍,601,
102,保留原寢,0010866,十三宿舍,601,
102,保留原寢,0010747,十三宿舍,605,未確認申請
102,保留原寢,0010788,十三宿舍,605,
102,保留原寢,0010858,十三宿舍,605,
102,保留原寢,9923028,十三宿舍,605,未確認申請
102,保留原寢,0011008,十三宿舍,610,
102,保留原寢,0011009,十三宿舍,610,
102,保留原寢,0011075,十三宿舍,610,
102,未保留原寢,0011116,十三宿舍,610,
102,保留原寢,0011021,十三宿舍,611,
102,保留原寢,0011023,十三宿舍,611,
102,保留原寢,0011027,十三宿舍,611,
102,保留原寢,0011083,十三宿舍,611,
102,保留原寢,0011210,十三宿舍,613,
102,保留原寢,0011242,十三宿舍,613,
102,保留原寢,0011269,十三宿舍,613,
102,保留原寢,0011276,十三宿舍,613,
102,未保留原寢,0016059,十三宿舍,614,
102,保留原寢,0016065,十三宿舍,614,
102,保留原寢,0016067,十三宿舍,614,
102,未保留原寢,0016324,十三宿舍,614,
102,保留原寢,0012005,十三宿舍,615,
102,未保留原寢,0012120,十三宿舍,615,
102,保留原寢,0012126,十三宿舍,615,
102,保留原寢,0012133,十三宿舍,615,
102,未保留原寢,9933039,十三宿舍,616,
102,保留原寢,9933046,十三宿舍,616,
102,未保留原寢,9933048,十三宿舍,616,
102,保留原寢,9933057,十三宿舍,616,
102,保留原寢,9933006,十三宿舍,617,
102,保留原寢,9933024,十三宿舍,617,
102,未保留原寢,9933042,十三宿舍,617,
102,未保留原寢,9933058,十三宿舍,617,
102,保留原寢,0010112,十三宿舍,619,
102,未保留原寢,0010123,十三宿舍,619,
102,保留原寢,0010131,十三宿舍,619,
102,未保留原寢,0010144,十三宿舍,619,
102,保留原寢,0010756,十三宿舍,622,
102,保留原寢,0011507,十三宿舍,622,
102,保留原寢,0011541,十三宿舍,622,
102,保留原寢,0011545,十三宿舍,622,
102,保留原寢,0010718,十三宿舍,623,
102,保留原寢,0010778,十三宿舍,623,
102,保留原寢,0010782,十三宿舍,623,
102,保留原寢,0010820,十三宿舍,623,
102,保留原寢,0010757,十三宿舍,624,
102,未保留原寢,0010758,十三宿舍,624,
102,未保留原寢,0010760,十三宿舍,624,
102,保留原寢,0010811,十三宿舍,624,
102,保留原寢,0010875,十三宿舍,625,
102,保留原寢,0011298,十三宿舍,625,
102,保留原寢,0016247,十三宿舍,625,
102,保留原寢,0016337,十三宿舍,625,
102,未保留原寢,9918003,十三宿舍,701,
102,保留原寢,9918010,十三宿舍,701,
102,保留原寢,9918019,十三宿舍,701,
102,保留原寢,9918036,十三宿舍,701,
102,保留原寢,0011055,十三宿舍,702,
102,保留原寢,0011069,十三宿舍,702,
102,保留原寢,0011082,十三宿舍,702,
102,保留原寢,0011098,十三宿舍,702,
102,保留原寢,0010001,十三宿舍,706,
102,保留原寢,0010019,十三宿舍,706,
102,保留原寢,0013348,十三宿舍,706,
102,保留原寢,0015348,十三宿舍,706,
102,未保留原寢,0010101,十三宿舍,710,
102,保留原寢,0010723,十三宿舍,710,
102,保留原寢,0010852,十三宿舍,710,
102,保留原寢,0016311,十三宿舍,710,
102,保留原寢,0010169,十三宿舍,711,
102,保留原寢,0010713,十三宿舍,711,
102,保留原寢,0016028,十三宿舍,711,
102,未保留原寢,0016242,十三宿舍,711,
102,保留原寢,0011517,十三宿舍,713,
102,未保留原寢,0011530,十三宿舍,713,
102,未保留原寢,0011547,十三宿舍,713,
102,保留原寢,0011548,十三宿舍,713,
102,保留原寢,0011509,十三宿舍,714,
102,保留原寢,0011515,十三宿舍,714,
102,保留原寢,0011533,十三宿舍,714,
102,保留原寢,0011553,十三宿舍,714,
102,未保留原寢,0010521,十三宿舍,718,
102,未保留原寢,0110868,十三宿舍,718,
102,保留原寢,9908012,十三宿舍,718,
102,保留原寢,9923013,十三宿舍,718,
102,保留原寢,9917066,十三宿舍,721,未確認申請
102,保留原寢,9917143,十三宿舍,721,
102,保留原寢,9917261,十三宿舍,721,未確認申請
102,保留原寢,9917274,十三宿舍,721,未確認申請
102,未保留原寢,9918026,十三宿舍,722,
102,保留原寢,9918032,十三宿舍,722,
102,保留原寢,9918048,十三宿舍,722,
102,保留原寢,9918050,十三宿舍,722,
102,未保留原寢,9944009,十三宿舍,723,
102,保留原寢,9944020,十三宿舍,723,
102,保留原寢,9944021,十三宿舍,723,
102,保留原寢,9944024,十三宿舍,723,
102,未保留原寢,0113426,十三宿舍,724,
102,保留原寢,9933018,十三宿舍,724,
102,保留原寢,9933035,十三宿舍,724,
102,保留原寢,9944008,十三宿舍,724,
102,保留原寢,9918014,十三宿舍,725,
102,未保留原寢,9918030,十三宿舍,725,
102,保留原寢,9918037,十三宿舍,725,
102,保留原寢,9918044,十三宿舍,725,
102,保留原寢,9918012,十三宿舍,803,
102,未保留原寢,9918024,十三宿舍,803,
102,未保留原寢,9918027,十三宿舍,803,
102,保留原寢,9918040,十三宿舍,803,
102,保留原寢,9918011,十三宿舍,804,
102,保留原寢,9918018,十三宿舍,804,
102,保留原寢,9918028,十三宿舍,804,
102,保留原寢,9918045,十三宿舍,804,
102,保留原寢,0010139,十三宿舍,805,
102,保留原寢,0010153,十三宿舍,805,
102,保留原寢,0010160,十三宿舍,805,
102,保留原寢,0010188,十三宿舍,805,
102,保留原寢,0017017,十三宿舍,808,
102,未保留原寢,0017018,十三宿舍,808,
102,保留原寢,0017024,十三宿舍,808,
102,保留原寢,0017038,十三宿舍,808,
102,保留原寢,0010138,十三宿舍,809,
102,保留原寢,0010165,十三宿舍,809,
102,保留原寢,0010184,十三宿舍,809,
102,未保留原寢,0010189,十三宿舍,809,
102,未保留原寢,0013234,十三宿舍,811,
102,保留原寢,0013235,十三宿舍,811,
102,未保留原寢,0013236,十三宿舍,811,
102,保留原寢,0013244,十三宿舍,811,
102,保留原寢,0013203,十三宿舍,813,
102,保留原寢,0013239,十三宿舍,813,
102,保留原寢,0013246,十三宿舍,813,
102,未保留原寢,0013253,十三宿舍,813,
102,保留原寢,9916095,十三宿舍,814,
102,保留原寢,9916096,十三宿舍,814,
102,保留原寢,9916100,十三宿舍,814,
102,保留原寢,9932053,十三宿舍,814,
102,未保留原寢,0010754,十三宿舍,816,
102,保留原寢,0010841,十三宿舍,816,
102,保留原寢,0011004,十三宿舍,816,
102,保留原寢,0017041,十三宿舍,816,
102,未保留原寢,9917007,十三宿舍,817,
102,保留原寢,9917018,十三宿舍,817,
102,保留原寢,9917044,十三宿舍,817,
102,保留原寢,9917097,十三宿舍,817,
102,未保留原寢,9910027,十三宿舍,818,
102,保留原寢,9921006,十三宿舍,818,
102,未保留原寢,9923107,十三宿舍,818,
102,保留原寢,9923151,十三宿舍,818,
102,保留原寢,9916005,十三宿舍,821,
102,保留原寢,9916021,十三宿舍,821,
102,保留原寢,9916041,十三宿舍,821,
102,保留原寢,9916042,十三宿舍,821,
102,保留原寢,0013205,十三宿舍,822,
102,保留原寢,0013242,十三宿舍,822,
102,保留原寢,0013247,十三宿舍,822,
102,未保留原寢,0013254,十三宿舍,822,
102,保留原寢,9816098,十三宿舍,902,
102,保留原寢,9916073,十三宿舍,902,
102,保留原寢,9916075,十三宿舍,902,
102,保留原寢,9916085,十三宿舍,902,
102,未保留原寢,0016006,十三宿舍,904,
102,保留原寢,0016020,十三宿舍,904,
102,保留原寢,0016082,十三宿舍,904,
102,保留原寢,0016083,十三宿舍,904,
102,保留原寢,0016097,十三宿舍,905,
102,保留原寢,0016210,十三宿舍,905,
102,保留原寢,0016241,十三宿舍,905,
102,保留原寢,0016335,十三宿舍,905,
102,保留原寢,9817182,十三宿舍,907,
102,保留原寢,9917036,十三宿舍,907,
102,保留原寢,9917060,十三宿舍,907,
102,未保留原寢,9917164,十三宿舍,907,
102,保留原寢,0013111,十三宿舍,909,
102,保留原寢,0013112,十三宿舍,909,
102,保留原寢,0013142,十三宿舍,909,
102,保留原寢,0013147,十三宿舍,909,
102,保留原寢,0011024,十三宿舍,910,
102,保留原寢,0011093,十三宿舍,910,
102,保留原寢,0013116,十三宿舍,910,
102,保留原寢,0013146,十三宿舍,910,
102,保留原寢,0082006,研一舍,104,
102,保留原寢,9818544,研一舍,105,
102,保留原寢,9918836,研一舍,105,
102,保留原寢,9855819,研一舍,106,
102,保留原寢,0050502,研一舍,106,
102,保留原寢,9721532,研一舍,107,
102,保留原寢,9516823,研一舍,108,
102,保留原寢,9713812,研一舍,108,
102,保留原寢,9923501,研一舍,109,
102,保留原寢,9955807,研一舍,109,
102,保留原寢,9814802,研一舍,110,
102,保留原寢,9924824,研一舍,111,
102,保留原寢,0180138,研一舍,111,
102,保留原寢,9813811,研一舍,112,
102,保留原寢,9713808,研一舍,112,
102,保留原寢,0182504,研一舍,114,
102,保留原寢,9811546,研一舍,114,
102,保留原寢,9722801,研一舍,116,
102,保留原寢,9802506,研一舍,116,
102,保留原寢,9718508,研一舍,118,
102,保留原寢,9711845,研一舍,120,
102,保留原寢,9826804,研一舍,122,
102,保留原寢,9726801,研一舍,122,
102,保留原寢,9916806,研一舍,124,
102,保留原寢,0180143,研一舍,124,
102,保留原寢,9924814,研一舍,126,
102,保留原寢,0080515,研一舍,126,
102,保留原寢,0183905,研一舍,201,
102,保留原寢,9914814,研一舍,201,
102,保留原寢,9818811,研一舍,203,
102,保留原寢,9722805,研一舍,203,
102,保留原寢,9611825,研一舍,204,
102,保留原寢,0182002,研一舍,204,
102,保留原寢,9721811,研一舍,205,
102,保留原寢,9918812,研一舍,206,
102,保留原寢,9725817,研一舍,206,
102,保留原寢,0081521,研一舍,207,
102,保留原寢,9918816,研一舍,207,
102,保留原寢,9911544,研一舍,208,
102,保留原寢,9818818,研一舍,208,
102,保留原寢,0086010,研一舍,209,
102,保留原寢,9621806,研一舍,209,
102,保留原寢,0186027,研一舍,211,
102,保留原寢,9627804,研一舍,211,
102,保留原寢,9955844,研一舍,212,
102,保留原寢,9618557,研一舍,215,
102,保留原寢,9855846,研一舍,215,
102,保留原寢,9921556,研一舍,216,
102,保留原寢,0081205,研一舍,218,
102,保留原寢,9811842,研一舍,218,
102,保留原寢,0181530,研一舍,220,
102,保留原寢,0181004,研一舍,220,
102,保留原寢,9852801,研一舍,224,
102,保留原寢,0080111,研一舍,224,
102,保留原寢,9913587,研一舍,225,
102,保留原寢,9634806,研一舍,226,
102,保留原寢,9734804,研一舍,226,
102,保留原寢,0080013,研一舍,301,
102,保留原寢,0081509,研一舍,301,
102,保留原寢,9925811,研一舍,302,
102,保留原寢,9639801,研一舍,303,
102,保留原寢,0086028,研一舍,305,
102,保留原寢,9811828,研一舍,306,
102,保留原寢,0081501,研一舍,306,
102,保留原寢,9718830,研一舍,307,
102,保留原寢,9725802,研一舍,307,
102,保留原寢,9833804,研一舍,308,
102,保留原寢,9911807,研一舍,309,
102,保留原寢,9655841,研一舍,309,
102,保留原寢,0080503,研一舍,311,
102,保留原寢,9911813,研一舍,311,
102,保留原寢,9914514,研一舍,312,
102,保留原寢,9955826,研一舍,314,
102,保留原寢,9955801,研一舍,314,
102,保留原寢,9816532,研一舍,315,
102,保留原寢,9714539,研一舍,316,
102,保留原寢,9931801,研一舍,316,
102,保留原寢,0080504,研一舍,317,
102,保留原寢,9814805,研一舍,317,
102,保留原寢,9922516,研一舍,318,
102,保留原寢,9613570,研一舍,319,
102,保留原寢,9821502,研一舍,319,
102,保留原寢,9855813,研一舍,320,
102,保留原寢,9611503,研一舍,320,
102,保留原寢,0186019,研一舍,321,
102,保留原寢,0060295,研一舍,321,
102,保留原寢,9914809,研一舍,322,
102,保留原寢,9935801,研一舍,322,
102,保留原寢,0050278,研一舍,324,
102,保留原寢,0051237,研一舍,325,
102,保留原寢,0181705,研一舍,325,
102,保留原寢,9727801,研一舍,326,
102,保留原寢,0081009,研一舍,401,
102,保留原寢,9721503,研一舍,403,
102,保留原寢,0086016,研一舍,404,
102,保留原寢,9811827,研一舍,404,
102,保留原寢,9755878,研一舍,405,
102,保留原寢,9855822,研一舍,405,
102,保留原寢,9934803,研一舍,406,
102,保留原寢,0182601,研一舍,406,
102,保留原寢,9721814,研一舍,407,
102,保留原寢,9725806,研一舍,407,
102,保留原寢,0082510,研一舍,408,
102,保留原寢,9518515,研一舍,409,
102,保留原寢,9718806,研一舍,409,
102,保留原寢,9613557,研一舍,411,
102,保留原寢,9713560,研一舍,411,
102,保留原寢,9955839,研一舍,412,
102,保留原寢,9655836,研一舍,412,
102,保留原寢,0080217,研一舍,414,
102,保留原寢,0180204,研一舍,415,
102,保留原寢,9811576,研一舍,415,
102,保留原寢,9942803,研一舍,416,
102,保留原寢,9711534,研一舍,417,
102,保留原寢,9911818,研一舍,418,
102,保留原寢,9755817,研一舍,418,
102,保留原寢,0180010,研一舍,419,
102,保留原寢,0187203,研一舍,419,
102,保留原寢,9511825,研一舍,420,
102,保留原寢,9921802,研一舍,421,
102,保留原寢,9811618,研一舍,422,
102,保留原寢,9827802,研一舍,422,
102,保留原寢,9649804,研一舍,423,
102,保留原寢,0182202,研一舍,423,
102,保留原寢,9914824,研一舍,424,
102,保留原寢,0180107,研一舍,424,
102,保留原寢,9716817,研一舍,425,
102,保留原寢,0086031,研一舍,426,
102,保留原寢,9656515,研一舍,426,
102,保留原寢,9911834,研一舍B,002,
102,保留原寢,0180110,研一舍B,002,
102,保留原寢,9933809,研一舍B,004,
102,保留原寢,0080528,研一舍B,004,
102,保留原寢,9849802,研一舍B,006,
102,保留原寢,9918834,研一舍B,006,
102,保留原寢,9755819,研一舍B,008,
102,保留原寢,9755833,研一舍B,008,
102,保留原寢,9611818,研一舍B,010,
102,保留原寢,9613512,研一舍B,014,
102,保留原寢,9813823,研一舍B,014,
102,保留原寢,9813808,研一舍B,016,
102,保留原寢,9511501,研一舍B,018,
102,保留原寢,9618833,研一舍B,020,
102,保留原寢,0181520,研一舍B,020,
102,保留原寢,9811816,研一舍B,022,
102,保留原寢,9921568,研一舍B,022,
102,保留原寢,9825808,研二舍,101,
102,保留原寢,9624513,研二舍,101,
102,保留原寢,9921813,研二舍,103,
102,保留原寢,9914827,研二舍,103,
102,保留原寢,9613809,研二舍,104,
102,保留原寢,9758501,研二舍,104,
102,保留原寢,9818838,研二舍,104,
102,保留原寢,9724552,研二舍,105,
102,保留原寢,9918811,研二舍,105,
102,保留原寢,9734801,研二舍,105,
102,保留原寢,0081516,研二舍,105,
102,保留原寢,9811809,研二舍,107,
102,保留原寢,9811833,研二舍,109,
102,保留原寢,9855836,研二舍,109,
102,保留原寢,9813826,研二舍,109,
102,保留原寢,9718814,研二舍,111,
102,保留原寢,9718827,研二舍,111,
102,保留原寢,9813832,研二舍,114,
102,保留原寢,9855801,研二舍,114,
102,保留原寢,9721818,研二舍,115,
102,保留原寢,9655821,研二舍,115,
102,保留原寢,9925806,研二舍,201,
102,保留原寢,0082511,研二舍,201,
102,保留原寢,0081014,研二舍,203,
102,保留原寢,9611519,研二舍,203,
102,保留原寢,9939801,研二舍,204,
102,保留原寢,0181010,研二舍,204,
102,保留原寢,0080214,研二舍,204,
102,保留原寢,0082514,研二舍,205,
102,保留原寢,9635811,研二舍,205,
102,保留原寢,0183502,研二舍,206,
102,保留原寢,9914821,研二舍,206,
102,保留原寢,0081022,研二舍,208,
102,保留原寢,9914803,研二舍,208,
102,保留原寢,0181003,研二舍,208,
102,保留原寢,9814806,研二舍,208,
102,保留原寢,9818830,研二舍,210,
102,保留原寢,9818829,研二舍,210,
102,保留原寢,9918804,研二舍,210,
102,保留原寢,9814801,研二舍,211,
102,保留原寢,9855823,研二舍,211,
102,保留原寢,0083502,研二舍,212,
102,保留原寢,0080706,研二舍,212,
102,保留原寢,9914818,研二舍,213,
102,保留原寢,9652803,研二舍,213,
102,保留原寢,9933810,研二舍,213,
102,保留原寢,9755868,研二舍,214,
102,保留原寢,9813816,研二舍,214,
102,保留原寢,9855875,研二舍,214,
102,保留原寢,0181501,研二舍,214,
102,保留原寢,9622802,研二舍,215,
102,保留原寢,9612547,研二舍,215,
102,保留原寢,9822804,研二舍,301,
102,保留原寢,9824806,研二舍,304,
102,保留原寢,9722802,研二舍,306,
102,保留原寢,9518522,研二舍,306,
102,保留原寢,9811502,研二舍,307,
102,保留原寢,9811590,研二舍,307,
102,保留原寢,0086036,研二舍,307,
102,保留原寢,9855817,研二舍,308,
102,保留原寢,9955814,研二舍,308,
102,保留原寢,0082402,研二舍,310,
102,保留原寢,9933806,研二舍,310,
102,保留原寢,9925813,研二舍,311,
102,保留原寢,9621801,研二舍,313,
102,保留原寢,9655862,研二舍,313,
102,保留原寢,9721531,研二舍,314,
102,保留原寢,0181014,研二舍,401,
102,保留原寢,9949804,研二舍,401,
102,保留原寢,9611844,研二舍,402,
102,保留原寢,9831802,研二舍,403,
102,保留原寢,9735803,研二舍,403,
102,保留原寢,9721523,研二舍,403,
102,保留原寢,9718805,研二舍,404,
102,保留原寢,9911802,研二舍,404,
102,保留原寢,9924802,研二舍,406,
102,保留原寢,0086052,研二舍,407,
102,保留原寢,9755802,研二舍,410,
102,保留原寢,9813824,研二舍,410,
102,保留原寢,9914817,研二舍,410,
102,保留原寢,0181802,研二舍,410,
102,保留原寢,9812502,研二舍,412,
102,保留原寢,9711840,研二舍,412,
102,保留原寢,9913820,研二舍,413,
102,保留原寢,9611571,研二舍,414,
102,保留原寢,9724817,研二舍,414,
102,保留原寢,9511529,研二舍,415,
102,保留原寢,9518520,研二舍,415,
102,保留原寢,9914802,研二舍,416,
102,保留原寢,9924823,研二舍,416,
102,保留原寢,9812801,研二舍,416,
102,保留原寢,9732803,研二舍,417,
102,保留原寢,0181701,研二舍,417,
102,保留原寢,9548537,研二舍,417,
102,保留原寢,9814807,研二舍,417,
102,保留原寢,0180014,逸軒,106,
102,保留原寢,0083901,逸軒,201,
102,保留原寢,0082201,逸軒,201,
102,保留原寢,0182701,逸軒,300,
102,保留原寢,0180123,逸軒,301,
102,保留原寢,0088103,逸軒,301,
102,保留原寢,0180706,逸軒,303,
102,保留原寢,9714571,逸軒,304,
102,保留原寢,9714595,逸軒,304,
102,保留原寢,0081015,逸軒,305,
102,保留原寢,0080211,逸軒,306,
102,保留原寢,9951810,逸軒,401,
102,保留原寢,9730519,逸軒,401,
102,保留原寢,0081506,逸軒,403,
102,保留原寢,9828808,逸軒,403,
102,保留原寢,9929802,逸軒,404,
102,保留原寢,0087005,逸軒,404,
102,保留原寢,0189601,逸軒,405,
102,保留原寢,9614806,逸軒,405,
102,保留原寢,0013108,女二舍,311,
102,保留原寢,0013109,女二舍,311,未確認申請
102,保留原寢,0013128,女二舍,311,
102,保留原寢,0013132,女二舍,311,
102,保留原寢,0016046,女二舍,312,
102,保留原寢,9917275,女二舍,312,
102,保留原寢,9923090,女二舍,312,
102,保留原寢,9933023,女二舍,312,
102,保留原寢,0015410,女二舍,313,
102,保留原寢,0015412,女二舍,313,
102,保留原寢,0015422,女二舍,313,
102,保留原寢,0015427,女二舍,313,
102,保留原寢,0013133,女二舍,315,
102,保留原寢,0013134,女二舍,315,
102,保留原寢,9954002,女二舍,323,
102,保留原寢,9954008,女二舍,323,
102,保留原寢,9954029,女二舍,323,
102,保留原寢,9954034,女二舍,323,
102,保留原寢,0011040,女二舍,325,
102,保留原寢,0011052,女二舍,325,
102,保留原寢,0010738,女二舍,331,
102,保留原寢,9916107,女二舍,331,
102,保留原寢,9953049,女二舍,331,
102,保留原寢,9953052,女二舍,331,
102,保留原寢,9932016,女二舍,332,
102,保留原寢,9932031,女二舍,332,
102,保留原寢,9932042,女二舍,332,
102,保留原寢,9932050,女二舍,332,未確認申請
102,保留原寢,0016047,女二舍,333,
102,保留原寢,0016051,女二舍,333,
102,保留原寢,0016075,女二舍,333,
102,保留原寢,0016253,女二舍,333,
102,保留原寢,9916004,女二舍,335,
102,未保留原寢,9916062,女二舍,335,
102,保留原寢,9917047,女二舍,361,
102,保留原寢,9917049,女二舍,361,
102,保留原寢,9917099,女二舍,361,
102,保留原寢,9917129,女二舍,361,
102,保留原寢,0011247,女二舍,363,
102,保留原寢,0016076,女二舍,363,
102,保留原寢,0016233,女二舍,363,
102,保留原寢,0016234,女二舍,363,
102,保留原寢,0012001,女二舍,364,
102,保留原寢,0012007,女二舍,364,
102,保留原寢,0012105,女二舍,364,
102,保留原寢,0012134,女二舍,364,
102,保留原寢,9828063,女二舍,365,
102,未保留原寢,9914013,女二舍,365,
102,保留原寢,0015402,女二舍,371,
102,保留原寢,0015403,女二舍,371,
102,保留原寢,0015413,女二舍,371,
102,保留原寢,0015415,女二舍,371,
102,保留原寢,0013102,女二舍,373,
102,保留原寢,0013122,女二舍,373,
102,保留原寢,0013126,女二舍,373,
102,保留原寢,0013127,女二舍,373,
102,保留原寢,9954001,女二舍,374,
102,保留原寢,9954006,女二舍,374,
102,保留原寢,9954022,女二舍,374,
102,保留原寢,9954024,女二舍,374,
102,保留原寢,0017019,女二舍,375,
102,保留原寢,0017027,女二舍,375,
102,保留原寢,0019015,女二舍,412,
102,保留原寢,0019038,女二舍,412,
102,保留原寢,0019040,女二舍,412,
102,保留原寢,0019050,女二舍,412,
102,保留原寢,9931032,女二舍,413,
102,保留原寢,9931037,女二舍,413,
102,保留原寢,9931040,女二舍,413,
102,保留原寢,9931048,女二舍,413,
102,保留原寢,0011516,女二舍,421,
102,保留原寢,0011520,女二舍,421,
102,保留原寢,0015411,女二舍,421,
102,保留原寢,0015442,女二舍,421,
102,保留原寢,0010012,女二舍,424,
102,保留原寢,0010799,女二舍,424,
102,保留原寢,0012014,女二舍,424,
102,保留原寢,0013136,女二舍,424,
102,保留原寢,0010506,女二舍,434,
102,保留原寢,0010510,女二舍,434,
102,保留原寢,0010514,女二舍,434,
102,保留原寢,0010517,女二舍,434,
102,保留原寢,0017026,女二舍,435,
102,保留原寢,0017029,女二舍,435,
102,保留原寢,9928017,女二舍,442,
102,保留原寢,9928019,女二舍,442,
102,保留原寢,9928021,女二舍,442,
102,保留原寢,9928022,女二舍,442,
102,保留原寢,0010013,女二舍,445,
102,保留原寢,0010014,女二舍,445,
102,保留原寢,0011252,女二舍,451,
102,保留原寢,0011253,女二舍,451,
102,保留原寢,0011254,女二舍,451,
102,保留原寢,0011258,女二舍,451,
102,保留原寢,9944002,女二舍,452,
102,保留原寢,9944011,女二舍,452,
102,保留原寢,9944012,女二舍,452,
102,保留原寢,9944022,女二舍,452,
102,保留原寢,0012009,女二舍,454,
102,保留原寢,0012013,女二舍,454,
102,保留原寢,0012033,女二舍,454,
102,保留原寢,0013219,女二舍,454,
102,保留原寢,0011212,女二舍,455,
102,保留原寢,9933056,女二舍,455,
102,保留原寢,9928008,女二舍,462,
102,保留原寢,9928058,女二舍,462,
102,保留原寢,9932057,女二舍,462,
102,保留原寢,9943008,女二舍,462,
102,保留原寢,9953010,女二舍,464,
102,保留原寢,9953016,女二舍,464,
102,保留原寢,9953022,女二舍,464,
102,保留原寢,9953031,女二舍,464,
102,保留原寢,0012207,女二舍,465,
102,保留原寢,0012228,女二舍,465,
102,保留原寢,0019001,女二舍,471,
102,保留原寢,0019005,女二舍,471,
102,保留原寢,0019016,女二舍,471,
102,保留原寢,0019039,女二舍,471,
102,保留原寢,9917008,女二舍,472,
102,保留原寢,9917124,女二舍,472,
102,保留原寢,9923007,女二舍,472,
102,保留原寢,9923121,女二舍,472,
102,保留原寢,0015325,女二舍,474,
102,保留原寢,0015329,女二舍,474,
102,保留原寢,0015331,女二舍,474,
102,保留原寢,0015338,女二舍,474,
102,保留原寢,0012230,女二舍,475,
102,保留原寢,0012232,女二舍,475,
102,保留原寢,9917010,女二舍,482,
102,保留原寢,9917121,女二舍,482,
102,保留原寢,9917127,女二舍,482,
102,保留原寢,9917273,女二舍,482,
102,保留原寢,0019007,女二舍,484,
102,保留原寢,0019020,女二舍,484,
102,保留原寢,0019028,女二舍,484,
102,保留原寢,0019036,女二舍,484,
102,保留原寢,9928041,女二舍,485,
102,保留原寢,9953040,女二舍,485,
102,未保留原寢,9914048,女二舍,511,
102,保留原寢,9914080,女二舍,511,
102,保留原寢,9914085,女二舍,511,
102,保留原寢,9918013,女二舍,511,
102,保留原寢,0019011,女二舍,512,
102,保留原寢,0019019,女二舍,512,
102,保留原寢,0019023,女二舍,512,
102,保留原寢,0019029,女二舍,512,
102,保留原寢,0011222,女二舍,513,
102,保留原寢,0011243,女二舍,513,
102,保留原寢,0011256,女二舍,513,
102,保留原寢,0011296,女二舍,513,
102,保留原寢,9953015,女二舍,515,
102,保留原寢,9953035,女二舍,515,
102,保留原寢,0015304,女二舍,521,
102,保留原寢,0015309,女二舍,521,
102,保留原寢,0015339,女二舍,521,
102,保留原寢,0015340,女二舍,521,
102,保留原寢,9931025,女二舍,522,
102,保留原寢,9931035,女二舍,522,
102,保留原寢,9931036,女二舍,522,
102,保留原寢,9931042,女二舍,522,
102,保留原寢,0013212,女二舍,523,
102,保留原寢,9932003,女二舍,523,
102,保留原寢,9932026,女二舍,523,
102,保留原寢,9932048,女二舍,523,
102,保留原寢,9924009,女二舍,524,
102,保留原寢,9924021,女二舍,524,
102,保留原寢,9924026,女二舍,524,
102,保留原寢,9924038,女二舍,524,
102,保留原寢,9611507,女二舍,525,
102,保留原寢,0010839,女二舍,531,
102,保留原寢,0012525,女二舍,531,
102,保留原寢,0017003,女二舍,531,
102,保留原寢,0017022,女二舍,531,
102,保留原寢,0010525,女二舍,532,
102,保留原寢,0011614,女二舍,532,
102,保留原寢,0013408,女二舍,532,
102,保留原寢,0013415,女二舍,532,
102,保留原寢,0017020,女二舍,533,
102,保留原寢,0017028,女二舍,533,
102,保留原寢,0017050,女二舍,533,
102,未保留原寢,0111092,女二舍,533,
102,保留原寢,0011019,女二舍,534,
102,保留原寢,0011045,女二舍,534,
102,保留原寢,0011049,女二舍,534,
102,保留原寢,0011054,女二舍,534,
102,保留原寢,0013405,女二舍,535,
102,保留原寢,0019003,女二舍,535,
102,保留原寢,0015303,女二舍,542,
102,保留原寢,0015310,女二舍,542,
102,保留原寢,0015324,女二舍,542,
102,保留原寢,0015337,女二舍,542,
102,保留原寢,0019004,女二舍,545,
102,保留原寢,0019006,女二舍,545,
102,保留原寢,9923035,女二舍,553,
102,保留原寢,9923037,女二舍,553,
102,保留原寢,9923047,女二舍,553,
102,保留原寢,9923059,女二舍,553,
102,保留原寢,9953002,女二舍,554,
102,保留原寢,9953018,女二舍,554,
102,保留原寢,9953032,女二舍,554,
102,保留原寢,9953038,女二舍,554,
102,保留原寢,0011246,女二舍,562,
102,保留原寢,0013113,女二舍,562,
102,保留原寢,0016009,女二舍,562,
102,保留原寢,0016041,女二舍,562,
102,保留原寢,9910003,女二舍,563,
102,保留原寢,9923008,女二舍,563,
102,保留原寢,9923043,女二舍,563,
102,保留原寢,9923099,女二舍,563,
102,保留原寢,0015409,女二舍,564,
102,保留原寢,0015417,女二舍,564,
102,保留原寢,0015419,女二舍,564,
102,保留原寢,0015425,女二舍,564,
102,保留原寢,9943038,女二舍,565,
102,保留原寢,9943040,女二舍,565,
102,保留原寢,9908017,女二舍,571,
102,保留原寢,9923012,女二舍,571,
102,保留原寢,9923034,女二舍,571,
102,未保留原寢,9923040,女二舍,571,
102,保留原寢,0010015,女二舍,572,
102,保留原寢,0015306,女二舍,572,
102,保留原寢,0015319,女二舍,572,
102,保留原寢,0015332,女二舍,572,
102,保留原寢,9917004,女二舍,573,
102,保留原寢,9917137,女二舍,573,
102,保留原寢,9917145,女二舍,573,
102,保留原寢,9917267,女二舍,573,
102,保留原寢,0013404,女二舍,574,
102,保留原寢,0013411,女二舍,574,
102,保留原寢,0013413,女二舍,574,
102,保留原寢,0013424,女二舍,574,
102,保留原寢,9943026,女二舍,575,
102,保留原寢,9943035,女二舍,575,
102,保留原寢,9922001,女二舍,582,
102,保留原寢,9922031,女二舍,582,
102,保留原寢,9922036,女二舍,582,
102,保留原寢,9922051,女二舍,582,
102,保留原寢,0013221,女二舍,585,
102,保留原寢,0013231,女二舍,585,
102,保留原寢,0016038,女二舍,611,
102,保留原寢,0016228,女二舍,611,
102,保留原寢,0016314,女二舍,611,
102,保留原寢,0016322,女二舍,611,
102,保留原寢,9910005,女二舍,612,
102,保留原寢,9910010,女二舍,612,
102,保留原寢,9910012,女二舍,612,
102,保留原寢,9917005,女二舍,612,
102,保留原寢,0015317,女二舍,613,
102,保留原寢,0015336,女二舍,613,
102,保留原寢,0015353,女二舍,613,
102,保留原寢,0015416,女二舍,613,
102,保留原寢,0010125,女二舍,621,
102,保留原寢,0010142,女二舍,621,
102,保留原寢,0010145,女二舍,621,
102,保留原寢,0010767,女二舍,621,
102,保留原寢,0019010,女二舍,622,
102,保留原寢,0019026,女二舍,622,
102,保留原寢,0019030,女二舍,622,
102,保留原寢,0019045,女二舍,622,
102,保留原寢,0010768,女二舍,623,
102,保留原寢,0013216,女二舍,623,
102,保留原寢,0013228,女二舍,623,
102,保留原寢,0013229,女二舍,623,
102,保留原寢,0019002,女二舍,624,
102,保留原寢,0019021,女二舍,624,
102,保留原寢,0019051,女二舍,624,
102,保留原寢,0019052,女二舍,624,
102,保留原寢,0013215,女二舍,625,
102,保留原寢,0015421,女二舍,625,
102,保留原寢,0017011,女二舍,632,
102,保留原寢,0017012,女二舍,632,
102,保留原寢,0017014,女二舍,632,
102,保留原寢,9917122,女二舍,632,
102,保留原寢,9933025,女二舍,633,
102,保留原寢,9933026,女二舍,633,
102,保留原寢,9933045,女二舍,633,
102,保留原寢,9933059,女二舍,633,
102,保留原寢,0012503,女二舍,634,
102,保留原寢,0012507,女二舍,634,
102,保留原寢,0012533,女二舍,634,
102,保留原寢,0012534,女二舍,634,
102,保留原寢,9611609,女二舍,635,
102,保留原寢,9943012,女二舍,642,
102,保留原寢,9943022,女二舍,642,
102,保留原寢,9943033,女二舍,642,
102,保留原寢,9943047,女二舍,642,
102,保留原寢,0015404,女二舍,645,
102,保留原寢,0015418,女二舍,645,
102,保留原寢,0013149,女二舍,651,
102,保留原寢,0013150,女二舍,651,
102,保留原寢,0013152,女二舍,651,
102,未保留原寢,0116032,女二舍,651,
102,保留原寢,0013103,女二舍,653,
102,保留原寢,0013117,女二舍,653,
102,保留原寢,0013131,女二舍,653,
102,未保留原寢,0111087,女二舍,653,
102,保留原寢,9731804,女二舍,655,
102,保留原寢,0011605,女二舍,662,
102,保留原寢,0011609,女二舍,662,
102,保留原寢,0011611,女二舍,662,
102,保留原寢,0011613,女二舍,662,
102,保留原寢,0011234,女二舍,663,
102,保留原寢,9943009,女二舍,663,
102,保留原寢,9943037,女二舍,663,
102,保留原寢,9943045,女二舍,663,
102,保留原寢,0013105,女二舍,665,
102,保留原寢,0013140,女二舍,665,
102,保留原寢,9921026,女二舍,671,
102,保留原寢,9921133,女二舍,671,
102,保留原寢,9923001,女二舍,671,
102,保留原寢,9953041,女二舍,671,
102,保留原寢,9925006,女二舍,672,
102,保留原寢,9925007,女二舍,672,
102,保留原寢,9925025,女二舍,672,
102,保留原寢,9925034,女二舍,672,
102,保留原寢,9916034,女二舍,673,
102,保留原寢,9916035,女二舍,673,
102,保留原寢,9916071,女二舍,673,
102,保留原寢,9916079,女二舍,673,
102,保留原寢,9923020,女二舍,674,
102,保留原寢,9923106,女二舍,674,
102,保留原寢,9923132,女二舍,674,
102,保留原寢,9923156,女二舍,674,
102,保留原寢,9943001,女二舍,681,
102,保留原寢,9943002,女二舍,681,
102,保留原寢,9943015,女二舍,681,
102,保留原寢,9943044,女二舍,681,
102,保留原寢,0012206,女二舍,682,
102,保留原寢,0012231,女二舍,682,
102,保留原寢,0012233,女二舍,682,
102,保留原寢,0012256,女二舍,682,
102,保留原寢,0011053,女二舍,683,
102,保留原寢,0012523,女二舍,683,
102,保留原寢,0012528,女二舍,683,
102,保留原寢,0012537,女二舍,683,
102,保留原寢,9918022,女二舍,684,
102,保留原寢,9918025,女二舍,684,
102,保留原寢,9928004,女二舍,684,
102,保留原寢,9928010,女二舍,684,
102,保留原寢,0010003,女二舍,685,
102,保留原寢,0011051,女二舍,685,
102,保留原寢,9916056,女二舍,711,
102,保留原寢,9916069,女二舍,711,
102,保留原寢,9916072,女二舍,711,
102,未保留原寢,9921112,女二舍,711,
102,保留原寢,9931009,女二舍,712,
102,保留原寢,9931017,女二舍,712,
102,保留原寢,9931020,女二舍,712,
102,保留原寢,9931027,女二舍,712,
102,保留原寢,9944003,女二舍,713,
102,保留原寢,9944005,女二舍,713,
102,保留原寢,9944015,女二舍,713,
102,保留原寢,9944028,女二舍,713,
102,保留原寢,0011219,女二舍,714,
102,保留原寢,0011244,女二舍,714,
102,保留原寢,0011248,女二舍,714,
102,保留原寢,0011249,女二舍,714,
102,保留原寢,0013119,女二舍,715,
102,保留原寢,0013214,女二舍,715,
102,保留原寢,0013211,女二舍,723,
102,保留原寢,0013218,女二舍,723,
102,保留原寢,0013225,女二舍,723,
102,保留原寢,0013232,女二舍,723,
102,保留原寢,0011224,女二舍,724,
102,保留原寢,0011225,女二舍,724,
102,保留原寢,0011239,女二舍,724,
102,保留原寢,0011299,女二舍,724,
102,保留原寢,0013204,女二舍,725,
102,未保留原寢,0013213,女二舍,725,
102,保留原寢,9917009,女二舍,731,
102,保留原寢,9917014,女二舍,731,
102,保留原寢,9917082,女二舍,731,
102,保留原寢,9917141,女二舍,731,
102,保留原寢,0010750,女二舍,732,
102,保留原寢,0010809,女二舍,732,
102,保留原寢,0010810,女二舍,732,
102,保留原寢,9923159,女二舍,732,
102,保留原寢,9917059,女二舍,734,
102,保留原寢,9921017,女二舍,734,
102,保留原寢,9921106,女二舍,734,
102,保留原寢,9921119,女二舍,734,
102,保留原寢,9944001,女二舍,741,
102,保留原寢,9944006,女二舍,741,
102,保留原寢,9944007,女二舍,741,
102,保留原寢,9944018,女二舍,741,
102,未保留原寢,0012202,女二舍,742,
102,保留原寢,9922012,女二舍,742,
102,保留原寢,9922038,女二舍,742,
102,保留原寢,9922058,女二舍,742,
102,保留原寢,0010119,女二舍,743,
102,保留原寢,0010126,女二舍,743,
102,保留原寢,0010127,女二舍,743,
102,保留原寢,0010154,女二舍,743,
102,保留原寢,9925032,女二舍,752,
102,保留原寢,9953025,女二舍,752,
102,保留原寢,9954003,女二舍,752,
102,保留原寢,9954015,女二舍,752,
102,保留原寢,9954012,女二舍,753,
102,保留原寢,9954013,女二舍,753,
102,保留原寢,9954016,女二舍,753,
102,保留原寢,9954031,女二舍,753,
102,保留原寢,9953019,女二舍,754,
102,保留原寢,9953026,女二舍,754,
102,保留原寢,9953034,女二舍,754,
102,保留原寢,9953050,女二舍,754,
102,保留原寢,0015334,女二舍,755,
102,保留原寢,9911069,女二舍,755,
102,保留原寢,0013110,女二舍,761,
102,保留原寢,0013115,女二舍,761,
102,保留原寢,0013130,女二舍,761,
102,保留原寢,0013137,女二舍,761,
102,未保留原寢,9917107,女二舍,765,
102,保留原寢,9923122,女二舍,765,
102,保留原寢,9928003,女二舍,771,
102,保留原寢,9928009,女二舍,771,
102,保留原寢,9928011,女二舍,771,
102,保留原寢,9928050,女二舍,771,
102,未保留原寢,9923038,女二舍,772,
102,保留原寢,9923128,女二舍,772,
102,保留原寢,9923139,女二舍,772,
102,保留原寢,9923172,女二舍,772,
102,保留原寢,9943011,女二舍,774,
102,保留原寢,9943016,女二舍,774,
102,保留原寢,9943017,女二舍,774,
102,保留原寢,9943029,女二舍,774,
102,保留原寢,0010764,女二舍,781,
102,保留原寢,0010819,女二舍,781,
102,保留原寢,0010830,女二舍,781,
102,保留原寢,0010837,女二舍,781,
102,保留原寢,0010107,女二舍,782,
102,保留原寢,0010116,女二舍,782,
102,保留原寢,0012109,女二舍,782,
102,保留原寢,0012116,女二舍,782,
102,保留原寢,0012226,女二舍,783,
102,保留原寢,0017006,女二舍,783,
102,保留原寢,0017008,女二舍,783,
102,保留原寢,0017009,女二舍,783,
102,未保留原寢,0115321,女二舍,813,
102,保留原寢,9917035,女二舍,813,
102,保留原寢,9917147,女二舍,813,
102,保留原寢,9917257,女二舍,813,
102,保留原寢,0019012,女二舍,814,
102,保留原寢,0019031,女二舍,814,
102,保留原寢,0019032,女二舍,814,
102,保留原寢,0019033,女二舍,814,
102,保留原寢,9916011,女二舍,821,
102,保留原寢,9916036,女二舍,821,
102,保留原寢,9916057,女二舍,821,
102,保留原寢,9916068,女二舍,821,
102,保留原寢,9931018,女二舍,832,
102,保留原寢,9931030,女二舍,832,
102,未保留原寢,9931041,女二舍,832,
102,保留原寢,9931043,女二舍,832,
102,未保留原寢,9931007,女二舍,834,
102,保留原寢,9931033,女二舍,834,
102,保留原寢,9931039,女二舍,834,
102,保留原寢,9931044,女二舍,834,
102,保留原寢,0013304,女二舍,841,
102,保留原寢,0013305,女二舍,841,
102,保留原寢,0013313,女二舍,841,
102,保留原寢,0013335,女二舍,841,
102,保留原寢,0013308,女二舍,842,
102,保留原寢,0013311,女二舍,842,
102,保留原寢,0013322,女二舍,842,
102,未保留原寢,0113364,女二舍,842,
102,保留原寢,0011503,女二舍,844,
102,保留原寢,0011505,女二舍,844,
102,保留原寢,0011524,女二舍,844,
102,保留原寢,0011556,女二舍,844,
102,保留原寢,9714808,女二舍,845,
102,保留原寢,9953011,女二舍,851,
102,保留原寢,9953028,女二舍,851,
102,保留原寢,9953036,女二舍,851,
102,保留原寢,9953037,女二舍,851,
102,保留原寢,9954005,女二舍,852,
102,保留原寢,9954009,女二舍,852,
102,保留原寢,9954017,女二舍,852,
102,保留原寢,9954036,女二舍,852,
102,保留原寢,0013409,女二舍,861,
102,保留原寢,0013419,女二舍,861,
102,保留原寢,0013420,女二舍,861,
102,保留原寢,0013422,女二舍,861,
102,保留原寢,9953007,女二舍,863,
102,保留原寢,9953021,女二舍,863,
102,保留原寢,9953042,女二舍,863,
102,保留原寢,9953046,女二舍,863,
102,保留原寢,9916045,女二舍,864,
102,保留原寢,9944016,女二舍,864,
102,保留原寢,9944023,女二舍,864,
102,保留原寢,9944027,女二舍,864,
102,未保留原寢,9923024,女二舍,871,
102,保留原寢,9931045,女二舍,871,
102,保留原寢,9932019,女二舍,871,
102,保留原寢,9932029,女二舍,871,
102,保留原寢,0011257,女二舍,873,
102,保留原寢,0011521,女二舍,873,
102,保留原寢,9916002,女二舍,873,
102,保留原寢,9916067,女二舍,873,
102,保留原寢,9931010,女二舍,881,
102,保留原寢,9931038,女二舍,881,
102,保留原寢,9931051,女二舍,881,
102,保留原寢,9953004,女二舍,881,
102,保留原寢,0019037,女二舍,882,
102,保留原寢,0019042,女二舍,882,
102,保留原寢,0019043,女二舍,882,
102,保留原寢,0019044,女二舍,882,
102,保留原寢,9914066,女二舍,912,
102,保留原寢,9914082,女二舍,912,
102,保留原寢,9914084,女二舍,912,
102,保留原寢,9914086,女二舍,912,
102,未保留原寢,9917262,女二舍,915,
102,保留原寢,9933009,女二舍,915,
102,保留原寢,0012515,女二舍,922,
102,保留原寢,0012524,女二舍,922,
102,保留原寢,0012531,女二舍,922,
102,保留原寢,0012536,女二舍,922,
102,未保留原寢,0115341,女二舍,923,
102,保留原寢,9917039,女二舍,923,
102,保留原寢,9917160,女二舍,923,
102,保留原寢,9917243,女二舍,923,
102,保留原寢,0011523,女二舍,925,
102,保留原寢,0011525,女二舍,925,
102,保留原寢,9908003,女二舍,931,
102,未保留原寢,9917083,女二舍,931,
102,保留原寢,9922043,女二舍,931,
102,保留原寢,9925044,女二舍,931,
102,保留原寢,0012519,女二舍,932,
102,保留原寢,0012520,女二舍,932,
102,保留原寢,0012521,女二舍,932,
102,未保留原寢,9953001,女二舍,932,
102,保留原寢,0019008,女二舍,933,
102,保留原寢,0019013,女二舍,933,
102,保留原寢,0019018,女二舍,933,
102,未保留原寢,9853027,女二舍,933,
102,保留原寢,0016013,女二舍,934,
102,保留原寢,0016031,女二舍,934,
102,保留原寢,0016208,女二舍,934,
102,保留原寢,0016221,女二舍,934,
102,保留原寢,9944004,女二舍,943,
102,保留原寢,9944010,女二舍,943,
102,保留原寢,9944029,女二舍,943,
102,保留原寢,9944031,女二舍,943,
102,保留原寢,9928012,女二舍,944,
102,保留原寢,9928016,女二舍,944,
102,保留原寢,9928056,女二舍,944,
102,保留原寢,9932056,女二舍,944,
102,保留原寢,9921027,女二舍,945,
102,保留原寢,9921121,女二舍,945,
102,保留原寢,9933016,女二舍,952,
102,保留原寢,9933017,女二舍,952,
102,保留原寢,9933027,女二舍,952,
102,保留原寢,9933030,女二舍,952,
102,保留原寢,0013402,女二舍,953,
102,保留原寢,0013416,女二舍,953,
102,保留原寢,0013417,女二舍,953,
102,保留原寢,0013423,女二舍,953,
102,保留原寢,9933003,女二舍,954,
102,保留原寢,9933012,女二舍,954,
102,保留原寢,9933013,女二舍,954,
102,保留原寢,9933021,女二舍,954,
102,保留原寢,9933029,女二舍,955,
102,保留原寢,9933033,女二舍,955,
102,保留原寢,0015414,女二舍,961,
102,未保留原寢,0015423,女二舍,961,
102,保留原寢,0015424,女二舍,961,
102,保留原寢,0015426,女二舍,961,
102,保留原寢,9911007,女二舍,962,
102,保留原寢,9911020,女二舍,962,
102,保留原寢,9911033,女二舍,962,
102,保留原寢,9911080,女二舍,962,
102,保留原寢,9911038,女二舍,964,
102,保留原寢,9911039,女二舍,964,
102,保留原寢,9911051,女二舍,964,
102,未保留原寢,9932036,女二舍,964,
102,保留原寢,9911009,女二舍,971,
102,保留原寢,9911014,女二舍,971,
102,保留原寢,9911027,女二舍,971,
102,保留原寢,9911040,女二舍,971,
102,保留原寢,9911002,女二舍,973,
102,保留原寢,9911057,女二舍,973,
102,保留原寢,9923085,女二舍,973,
102,保留原寢,9923086,女二舍,973,
102,保留原寢,0013120,女二舍,974,
102,保留原寢,0013135,女二舍,974,
102,保留原寢,0013138,女二舍,974,
102,保留原寢,0013139,女二舍,974,
102,保留原寢,9622809,女二舍,975,
102,未保留原寢,9816081,女二舍,981,
102,保留原寢,9923016,女二舍,981,
102,保留原寢,9923083,女二舍,981,
102,保留原寢,9923117,女二舍,981,
102,保留原寢,0016055,女二舍,983,
102,保留原寢,0016102,女二舍,983,
102,保留原寢,0016219,女二舍,983,
102,保留原寢,0016224,女二舍,983,
102,保留原寢,9943007,女二舍1,011,
102,保留原寢,9943018,女二舍1,011,
102,保留原寢,9943025,女二舍1,011,
102,保留原寢,9943048,女二舍1,011,
102,保留原寢,9922006,女二舍1,012,
102,保留原寢,9922014,女二舍1,012,
102,保留原寢,9922020,女二舍1,012,
102,保留原寢,9922041,女二舍1,012,
102,保留原寢,0012208,女二舍1,013,
102,保留原寢,0012223,女二舍1,013,
102,保留原寢,0012225,女二舍1,013,
102,保留原寢,0015315,女二舍1,013,
102,保留原寢,9918009,女二舍1,014,
102,保留原寢,9918017,女二舍1,014,
102,保留原寢,9918049,女二舍1,014,
102,保留原寢,9918053,女二舍1,014,
102,未保留原寢,0013207,女二舍1,015,
102,保留原寢,0013252,女二舍1,015,
102,保留原寢,9943010,女二舍1,021,
102,保留原寢,9943020,女二舍1,021,
102,保留原寢,9943032,女二舍1,021,
102,保留原寢,9943050,女二舍1,021,
102,保留原寢,9739804,女二舍1,025,
102,保留原寢,9917020,女二舍1,032,
102,保留原寢,9917051,女二舍1,032,
102,保留原寢,9917088,女二舍1,032,
102,保留原寢,9943042,女二舍1,032,
102,保留原寢,9932004,女二舍1,042,
102,保留原寢,9932008,女二舍1,042,
102,保留原寢,9932012,女二舍1,042,
102,保留原寢,9932040,女二舍1,042,
102,保留原寢,9923049,女二舍1,043,
102,保留原寢,9923053,女二舍1,043,
102,保留原寢,9923081,女二舍1,043,
102,保留原寢,9923119,女二舍1,043,
102,保留原寢,0011220,女二舍1,044,
102,保留原寢,0011221,女二舍1,044,
102,保留原寢,0011238,女二舍1,044,
102,保留原寢,0011250,女二舍1,044,
102,未保留原寢,0016211,女二舍1,051,
102,未保留原寢,0016218,女二舍1,051,
102,保留原寢,9916026,女二舍1,051,
102,保留原寢,9916038,女二舍1,051,
102,保留原寢,9921012,女二舍1,052,
102,保留原寢,9921102,女二舍1,052,
102,保留原寢,9921123,女二舍1,052,
102,保留原寢,9953033,女二舍1,052,
102,保留原寢,0013310,女二舍1,053,
102,保留原寢,0013331,女二舍1,053,
102,保留原寢,0013358,女二舍1,053,
102,保留原寢,0013359,女二舍1,053,
102,保留原寢,0015305,女二舍1,054,
102,保留原寢,0015308,女二舍1,054,
102,保留原寢,0015318,女二舍1,054,
102,保留原寢,0015335,女二舍1,054,
102,保留原寢,9917006,女二舍1,061,
102,保留原寢,9917027,女二舍1,061,
102,保留原寢,9917028,女二舍1,061,
102,保留原寢,9917247,女二舍1,061,
102,保留原寢,0013315,女二舍1,062,
102,保留原寢,0013316,女二舍1,062,
102,保留原寢,0013317,女二舍1,062,
102,保留原寢,0013321,女二舍1,062,
102,保留原寢,9925002,女二舍1,065,
102,保留原寢,9925015,女二舍1,065,
102,保留原寢,9933002,女二舍1,071,
102,保留原寢,9933004,女二舍1,071,
102,保留原寢,9933005,女二舍1,071,
102,保留原寢,9953005,女二舍1,071,
102,保留原寢,9925010,女二舍1,072,
102,保留原寢,9925012,女二舍1,072,
102,保留原寢,9925026,女二舍1,072,
102,保留原寢,9925033,女二舍1,072,
102,保留原寢,9931004,女二舍1,073,
102,保留原寢,9931008,女二舍1,073,
102,保留原寢,9931016,女二舍1,073,
102,保留原寢,9931050,女二舍1,073,
102,未保留原寢,9817148,女二舍1,075,
102,保留原寢,9916104,女二舍1,075,
102,保留原寢,9943023,女二舍1,081,
102,保留原寢,9943028,女二舍1,081,
102,保留原寢,9943034,女二舍1,081,
102,保留原寢,9943036,女二舍1,081,
102,保留原寢,0013401,女二舍1,083,
102,保留原寢,0013403,女二舍1,083,
102,保留原寢,0013410,女二舍1,083,
102,保留原寢,0013418,女二舍1,083,
102,保留原寢,0013318,女二舍1,084,
102,保留原寢,0013326,女二舍1,084,
102,保留原寢,9614815,女二舍1,084,
102,保留原寢,9632802,女二舍1,084,
